req_id,requirements,label
11,"my smart home to be able to order delivery food by simple voice command, I can prepare dinner easily after a long day at work.",Health
12,"my smart home to turn on certain lights at dusk, I can come home to a well-lit house.",Energy
13,"my smart home to sync with my biorhythm app and turn on some music that might suit my mood when I arrive home from work, I can be relaxed.",Entertainment
14,"my smart home to to ring when my favorite shows are about to start, I will never miss a minute of my favorite shows.",Entertainment
15,"Class Reminders, I won't be late for class.",Energy
16,"Video feed of my animals, I know they are safe when I'm away.",Safety
17,"my smart home to regulate ideal temperature according to my personal preferences and the outside temperature, I can be comfortable.",Energy
18,"my smart home to send me a text when my kid gets home from school, I can feel comfortable knowing that they made it home safely that day.",Safety
19,"my smart home to play my team's goal home when they score, I can immerse myself in a full home sports experience.",Entertainment
20,"my smart home to keep me up to date about my children's activities when I'm out of the home, I can know they're safe and positively occupied.",Safety
21,"my smart home to send me a push notification when my kids arrive home from school, I can know they made it home safety.",Safety
22,"shut the stove off for me, I can work on other things while the food is cooking.",Energy
23,"my smart home to have a certain television show start on my TV when I arrive home, I can immediately jump into watching it..",Entertainment
24,"my smart home to buzz when the shower is warm to my desired temperature, I can know when it is optimal for me to get in.",Health
25,"my smart home to sync with my alarm in the morning to turn on the lights and shower when it's time for me to wake up, I can start my day more efficiently.",Health
26,"my smart home to shut off the sink after two minutes when brushing my teeth, I know I have brushed my teeth for at least the minimum required amount of time.",Health
27,"my smart home to lock the doors at night, my teenage children cannot sneak out.",Safety
28,"my alarm to be synced to food preparation, so that my breakfast food can be on the table (or at least ready in the toaster or oven) when I'm ready to eat it, I can start my day more efficiently.",Health
29,"Music available throughout the house, I don't have to limit my audio listening to a single room.",Entertainment
31,"my smart home to adjust the temperature based on the weather outside, I can save on my energy bill by not using the AC unnecessarily.",Energy
33,"my smart home to open my garage door when it senses my vehicle arriving outside of it, I don't have to worry about carrying a remote control opener.",Other
34,"my smart home to shut the lights off for me in rooms with nobody in them, I can save on electricity on my bills.",Energy
35,"my smart home to have auto sprinklers, automatically watering of plants occurs.",Energy
37,"my smart home to monitor my energy use and make recommendations to reduce energy consumption, I will save money on my energy bill..",Energy
38,"my smart home to buzz my room if there is a disturbance in my baby's room, I can make sure I can be there in case my baby needs anything.",Safety
39,"Control over Temperature at any time, I can save money on my electricity bill.",Energy
40,"an outdoor safety light to turn on at night when it senses something other than a family member or pet outside, I can feel safe..",Safety
41,"my smart home to notify me when someone other than a family member or trusted other is near my home, my family can be safe.",Safety
43,"my smart home to calculate what heat sources would be the best for my home (ductless heat pump, regular furnace, space heaters, or any combination therof), my home is comfortable and energy-efficient when the weather is cold outside..",Energy
44,"hallway motion detectors, safety is increased.",Safety
45,"my smart home to sync all Christmas-related lights, indoor and outdoor, and turn them on and off at the appropriate time, it's more convenient for me.",Other
47,"my smart home to notify me when a box has been delivered at my home, preferably with the packaging information from the label, I can get easy status updates on package delivery.",Other
48,"automatic fragrance sprinkler, as soon as it detects bad odour, it gets activated.",Entertainment
50,"my smart home to analyze and recommend the best sources to cool my home (air conditioning, window fan, ceiling fan, ductless heat pump, etc.), I will be comfortable during hot days..",Energy
52,"a Carbon Monoxide detector, my family is always kept safe from dangerous gasses.",Safety
54,"automated sharp furniture sensors, if my child nears such places, alarm goes off.",Safety
55,"my smart home to monitor anyone near my home's doors, windows, etc. and notify me if there is someone there who does not live in the home, I will be informed quickly if a potential intruder is at my home..",Safety
58,"automated food bowl, it automatically replenishes itself at lunch time of pet.",Health
59,"Smart appliances that give me relevant information on the food i'm cooking, Food always gets cooked as much as it's needed.",Health
60,"my smart home to greet and take pictures of anyone who enters my home who is not a registered occupant, a person wishing to do harm at home would think twice about doing so..",Safety
61,"to be notified via smartwatch application by my smarthome when my pet's water container is low, so that my pet will always be hydrated and better taken care of..",Health
62,"temprature sensors, temprature of house remains constant.",Health
63,"my smart home to inform me of any weather alerts for my area, I can be warned of potential weather issues such as snow, high winds, etc..",Safety
64,"my smart home to have video camera's outside my home, I always know who is at my door before checking.",Safety
66,"my smart home to provide news and updates on my hobbies, I can easily learn about new products I may be interested in.",Entertainment
67,"to be notified by my smarthome when my plant's soil becomes too dry, so that I can prevent my plant from dying and therefore saving money by not having to keep purchasing new plants..",Health
68,"my bed to come with smart features that allow me to control comfort, I get the best night's sleep I can have.",Health
69,"my smart home to monitor my body and inform me daily or weekly when a potential health concern is noticed, so that I can be proactive and consider visiting a doctor or dentist to have the issue reviewd..",Health
71,"automated music system, it automatically detects my mood and plays background music according to it..",Entertainment
72,"to be notified by my smarthome when my energy consumption (electricity, gas) is higher than usual, I can adjust accordingly and save money on energy bills..",Energy
73,"my smart home to make daily recommendations of activities or foods that are good for me, i.e. ""the weather is perfect for a nice walk today"", I can be reminded of my health goals, and good ways to achieve them..",Health
75,"to be alerted when a window is smashed or forced opened from outside the house, I can prepare for an intruder and call the police..",Safety
76,"socket adapters, accidental shocks are avoided.",Safety
77,"to control my stovetops with my smartphone or tablet, if i am in another room and need to lower the temperature I am able to do that.",Safety
78,"the ability to listen to my music in every room in the house simultaneously, parties will be funner and my party guests will be better entertained..",Entertainment
80,"to be able to control the oven with an app on my smartphone or tablet, I may preheat the oven from another room or lower the temperature if needed without having to go to the actual appliance.",Safety
82,"my smart home to make my bedroom the optimal temperature and lighting both when I go to sleep, and when I awaken, I will have the optimal conditions for a good night's sleep..",Health
83,"outdoor motion sensors, Trespassers can be identified.",Safety
84,"to be able to open the garage door with my smartphone/tablet, I don't have to go down to the garage to close it if I forget.",Safety
85,"my smartphone to silence notifications (sounds, doorbells, TVs, etc.) unless it is an emergency, I can study.",Health
86,"air purity controller, it detects pollution and sensors get active.",Health
87,"my smart home to make recommendations when new movies come out that match my viewing habits, I will benefit from movie suggestions that I will probably enjoy..",Entertainment
88,"the electricity switches off when no one is inside the room, there will be a big saving on electricity bills.",Energy
89,"my smartphone to create an environment (lighting, sound, temperature), I can study.",Health
90,"a smart thermostat, it can manage energy efficiently and predict what type of temperatures we prefer at different times of the year.",Energy
91,"my smart home to clean the floors regularly, the house is clean.",Health
92,"the radio system to adjust volume based on the distance of the people, avoids the use of remote control and saves battery.",Entertainment
93,"a smart coffee machine, my coffee will be ready in the morning when i ask it to be without having to deal with making it myself.",Entertainment
94,"my smart home to feed and water the pets on a schedule, they are taken care of routinely.",Health
95,"a robot to clean windows, I dont have to risk hurting myself to wash windows in dangerous places.",Safety
96,"the central a/c system to switch between cooling and heating based on temperature, there will be no need to manually adjust the system.",Energy
99,"a smart shower, I can save energy while using it as efficiently as possible.",Energy
100,"the door look to have an automated alarm when someone leaves or enters the room, i can monitor my young child movements at night.",Safety
103,"smart carbon monoxide detectors, I can see the amount of carbon monoxide in each room in my house on a smartphone/tablet while I'm away from my home to make sure my family is ok.",Safety
106,"i want my smart home to buzz when my child is close to an object that can potentially fall, i want my smart home to make dog barking sound when a person.",Health
108,"the vacuum cleaner to run automated on scheduled timings, it would help in forgetting to manually vacuum.",Safety
110,"a smart touchscreen tv implanted in the wall of each room, I can control each room uniquely and separately. If i want to play music in that room or watch a show I can etc.",Entertainment
112,"a wireless charger for my devices, it wirelessly charges the devices when it falls below the battery limit.",Entertainment
114,"an app to control the shades/blinds on my windows, I can control them easily at home or while I'm out incase I forgot to close one.",Entertainment
115,"a device that organizes the kitchen items and gives an alarm or places the order when it falls below the limit, i benefit of not forgetting to stock the fruits and vegetables.",Health
121,"Adjust temperature in room, based on my location (if near, turn on heater/cooler, if far from home turn of), Cut energy cost.",Energy
122,"a learning thermostat, my home will be energy efficient and comfortable.",Energy
123,"to be notified if I accidentally leave the stove or oven on, my family will be safer from fire and carbon monoxide poisioning..",Safety
124,"an automatic garage door opener, it's easier and safer to get in and out.",Safety
125,"i want any time my room is weather adjustment, so  i am always relax my home.",Entertainment
126,"my room lighting to change lighting effect based on the time of day, i benefit on a pleasant mood everytime.",Health
127,"smart locks, my home is secure.",Safety
128,"a smart device that sends out photos of person who enter through the main gate, i would know who have come to home while we are away.",Safety
129,"My smart home to alert me via a specific sound and a text message via mobile phone that someone has approached my car positioned in my driveway., vehicle-related thefts can be minimized either when we are home or are not..",Safety
130,"to unlock the door from a remote location that has an alert with video feed, the kids don't need to wait when they get to home.",Safety
131,"smart window cleaners, I don't have to do that chore.",Other
132,"a device that greets and welcomes guests at the doorstep, our guests would feel humbled by its gesture.",Entertainment
134,"outdoor motion detectors, I have an added measure of security of the property.",Safety
136,"Doors automaticaly lock / relock if I'm near it (NFC, IR bracelet, or something similar), no need to use key.",Safety
137,"smart breakfast appliances, it will save me time in the morning..",Health
138,"my smart home  to to turn on the tv when I get home, I can relax as soon as possible.",Entertainment
139,"window sensors, I'm aware if a window is open and letting cold/hot air in.",Energy
141,"to be notified by my smarthome of the present air quality in my home., my family will have fewer respiratory issues and better overall health..",Health
142,"integrated smart electronics, I only need one remote and devices are easy to operate.",Entertainment
143,"House vacuum clean itself when I'm not home (like integrated roomba vacuum cleaner), no need to manualy clean.",Health
144,"my smart home to play a warning sound when my child is close to the stove, he won't burn himself.",Safety
145,"a robot cleaner, I will not need to wash the floor and sweep myself.",Other
146,"my smart home to lower the thermostat at night, I can save expenses paid for air conditioning.",Energy
147,"smart lights, they are scheduled to dim at night or turn off when no one is in the room.",Energy
148,"my child don't fear for dark nights, my child get a peaceful dreams.",Energy
149,"my smart home to play a lullaby at bed time, I don't have to sing my children to sleep.",Entertainment
150,"save my home energy, the sensors save the home energy.",Energy
151,"my smart TV to switch to the sports channel when the sports game begins, I don't miss the game.",Energy
152,"Home automatically heats precooked meal based on approximate of arrival (based on GPS location), no need to manually cook / heat meal.",Other
153,"Room thermostats, It Can indicate the outside temperature and room temperature as well so that i can well prepared for it in advance.",Safety
154,"my smart house to screen all forms of communication including visitors, I can focus on what is important at the moment.",Safety
155,"my smart home to actively and proactively secure itself, my family and I feel safe, even if we forget to lock a window.",Safety
156,"my smart home to alert me when I am about to run out of medication, I will never run out of mediaction.",Health
157,"Lights in child bedroom can be controlled automatically, or can be programed, kids sleep earlier.",Health
160,"my smart home to turn on the sprinkers when there is a fire, the house won't burn down.",Safety
161,"a projector mounted on the wall that has wifi capabilities to connect to video streaming services (Netflix etc), my family can be entertained without having to fumble with several different electronics..",Entertainment
162,"my smart house to convert a room (move furniture, have mirrors, and have a place for media), I can exercise and practice for more time rather than rearrange a room on a daily basis.",Entertainment
163,"my smart home to play my favorite music at 7:45 AM, I can wake up listening to my favorite music.",Entertainment
165,"my smart home to monitor energy use and excess, we can determine how to be more conscientious of what we use.",Energy
166,"my smart home to alert me when there is more than one person in the house, I would know if someone is breaking in.",Safety
167,"the ability to turn off/on lights in different rooms with voice commands., I can save energy without having to physically walk over to the room..",Energy
168,"my smart home to alert me when my children are not home by their usual time, I will know if they have gone missing.",Safety
169,"my smart home to activate safety features such as window coverings, the house is safer during inclement weather.",Safety
170,"Bed automatically makes itself for sleeping and after sleeping, no need to occupant manually make bed.",Other
171,"to be notified when my dog enters and exits my home, I can be aware of my dog's whereabouts at all times and therefore be a more responsible pet owner..",Safety
173,"my smart home to remember entertainment preferences, such as music or videos, one does not need to bring a laptop into each room.",Entertainment
174,"home automatically check air quality (for elegant, dust, soot etc) and try to improve quality level by automatic intake of fresh air, air quality is on good level.",Health
175,"Get early notification when kids are back from school (based on GPS location), know precisely when they arrive.",Safety
176,"My smart home to capture a picture and alert me via a specific sound and a text message via mobile phone when a vehicle enters my driveway, home and/or vehicle-related thefts can be minimized either when we are home or are not.",Safety
177,"garage door open automatically when I arive with my car, no need to manually open garage dors.",Safety
178,"my smart home to automatically switch off/on electric gadgets like bulbs, fans, ACs when a person move out or move in the particular affected region of particular gadget., so that both energy and money can be saved.",Energy
180,"Fence doors automatically unlock and open when i arrive by foot or by car, no need to manually open / close or lock / unclok.",Safety
181,"my smart home to auto start video recording and sending the same to smarthome when a theft approaches inside home, so that so that I can quickly complain the same with sufficient proof to appropriate authorities.",Safety
183,"turn electronic devices on or off from anywhere I have an Internet connection., I can save energy.",Energy
184,"my smart home to sense and inform small or tiny movable living things like mosquitoes, termites., so that so that we can take appropriate steps to discard them in order to free from material or health loss.",Health
185,"to protect my objects, my things wont get stolen.",Safety
186,"my smart home to alert me via a specific sound and a text message via mobile phone when a personal parcel package is delivered to my door, parcel package-related thefts can be minimized either when we are home or are not.",Safety
187,"my smart home to alarm me if danger, I can be safe.",Safety
188,"my smart home to automatically open doors to those whose faces are already registered in system, so that so that I don't need to open doors manually..",Safety
190,"my smart house to contact the police, I can be safe if my home is broken into.",Safety
191,"I want my smart-home to take picture of persons coming near to outside doors between 8 pm to 6 am.And a mobile alert same time., So that i can recognize unknown persons ..",Safety
192,"my smart home to film the house, I can catch intruders on camera in case of court..",Safety
193,"switch on any lights automatically when dark falls and switch off in the morning automatically., I can save electricity.",Energy
194,"my smart house to have solar panels, I can save money on electricity.",Energy
195,"my smart home to shut off the air when the room is at the right temperature, I can save money on bills.",Energy
196,"my smart home to tell me if food is spoiled in the fridge, i dont eat old food.",Safety
197,"my smart home to tell me the bacteria percentage in my home, I know when to disinfect.",Health
198,"Revolv (central automation device ), When we are using  too many home automation devices, opening the right app for the right device can become difficult and counterproductive. This time Revolv become the central automation device for my home.  Just put this device in centre of  home and  connect to  Wi-Fi then let it scan for  other home automation devices. Even if it fails to locate them, we can manually add them through the Revolv app too..",Safety
199,"my smart home to lock all doors at once, I dont have to worry about locking all the doors..",Safety
200,"my smart home to automatically open windows with the help of remote control, smoke can be emit quickly.",Other
201,"my smart home to capture a picture, open a communication channel, and alert me via a specific sound and a text message via mobile phone when a person rings my doorbell or knocks on my front or rear door, I may know and may communicate with visitors to my home without having to approach or to open the doors in question.",Safety
202,"my smart home to take photographs of person and message photo to my mobile phone when he approaches the main door., thefts can be reduced.",Safety
204,"my smart home to have a system which can remind me to do a pre manage lists of a day or night, I can't miss any less important task.",Other
205,"my smarthome to switch off All the bulbs after 10 pm automaticaly, we can save wastage of electricity.",Energy
206,"Lights in the front side of my home is on when I am out of station., thieves will think that people is there in the house..",Safety
207,"my smart home to inform me quickly when my solar water heater does heat water, I don't need to go everytime in bathroom to check the hotness of water.",Other
208,"to secure my house and my family when there is a gas leakage., I am tension free..",Safety
209,"I want to get the Airconditioner off,when the room is empty, I can save energy.",Energy
210,"to switch off TV, Radio and other Leisure gadgets after 10 pm, no energy is wasted and consume the overuse of electricity.",Entertainment
211,"I want to block strangers from entering my house when the child is alone., I am tension free..",Safety
213,"I want to secure my house during night., I can sleep peacefully.",Safety
214,"Keyless Digital Door Lock, I don't have to carry keys with me..",Safety
215,"control my shower''s temperature, spray, steam, audio, and lighting of the shower., I can save energy.",Energy
216,"Innovative controls in my kitchen, so that cooking is energy saving & easy.",Energy
217,"control the temperature in my room., I can save energy.",Energy
218,"my smart home to automatically start radio in specific timings, I can't miss any favorite radio songs.",Entertainment
219,"my smart home to automatically open and close my garage door when I approach and leave my home in my car, vehicle-related weather protection can be maximized, and vehicle thefts can be minimized.",Safety
220,"giving voice commands to equipments, i am relaxed.",Entertainment
221,"my smarthome clock to alert my child to eat food at regular and correct time, my child can look after his health properly.",Health
222,"alarms to go off when movement is triggered, i can feel safe in my home alone..",Safety
223,"Net alarm system ('smarter' home security system), As part of the system, window and door fixtures contain motion sensors which alert us when there is a trigger through an accompanying application. This system is easy to set up and connect to  smartphone, and also comes with a keychain hob which allows users to remotely alarm and disarm a system -- as well as a 'panic' button, which if pressed, alerts the connected smartphone to the call for help.",Safety
224,"motion lights, I can see any intruders at night as they approach..",Safety
225,"my coffeemaker to start automatically, my coffee will be ready when I go to wake my son up early in the morning..",Other
226,"my smart home to have fans whose speed vary with external environment, both energy and money can be saved.",Energy
227,"automatic alarms to go off when smoke detectors are triggered, I know my kids are safe..",Safety
228,"my washing machine to automatically turn off when the washing is finished, No wastage of electricity and energy is happening.",Energy
229,"carbon monoxide detectors with self-testing capacity, I know my alarms are on and functioning to keep my kids safe..",Safety
230,"lights to automatically turn off when no motion is detected in a room, I will save on bills..",Energy
231,"to keep a buzz on electric wires and other sockets, my children is alerted when touching them accidently.",Safety
232,"a thermostat that learns my schedule and self-adjusts, I know I am saving as much as possible on my home heating costs..",Energy
233,"Multipurpose bathroom appliace like shower, It can automatically sense the room temperature and  according to temperature ,it change the temperature of water so that we will not have any discomfort while bathing..",Health
234,"an oven that preheats at set intervals, I can be ready to cook dinner when I get my son home from school..",Energy
235,"my smart home to have dynamic solar panels which can be set just opposite to the sun, so that maximum electricity can be generated..",Energy
236,"A/C automatically maintain the perfect temperature by calculating  past usage patterns., can be save on energy costs.",Energy
237,"wireless access to emergency services, I can still call for help if my phone lines are cut..",Safety
238,"remote wireless access to surveillance cameras, I can keep an eye on my home in real time even when I am away..",Safety
239,"to set an alarm on all the water pipes, it automatically alerts when there is a water wastage.",Safety
240,"to get an alert when there is water spilled over the floor, home occupant is alerted and don't fall off.",Safety
242,"my A/C to automatically on if the temperature fall down a mentioned room temperature, the temperature is well maintained all the time.",Entertainment
243,"Auto sensing music system, It can sense automatically my mood and play the song as per my mood.",Entertainment
244,"my smart home to notify me via text message when my internet service bandwidth declines below a pre-specified speed, and also keeps track of bandwidth outages and speed reductions, I may be notified of internet service provider outages and bandwidth reductions which will affect the use of my smart home technologies.",Safety
245,"Thermostat show temperature from across the room and give recommend to heat or cool the room., can be save on energy costs.",Energy
246,"my doors to lock up automatically after a mentioned time, we can prevent theft and other burglary.",Safety
247,"my smart home to notify me via text message when regular tests of my various installed smart home technologies indicate a specific technology malfunction or failure, may know without manual testing that my various installed smart home technologies are completely functional and operative.",Safety
248,"open door using my smart phones, can increase my home safety.",Safety
249,"a doorbell camera let me to see and talk to the visors at front door., can save time.",Other
250,"my smart home to automatically water my front and rear lawn areas at pre-specified times each day, I do not have to manually water my lawn.",Other
251,"to open front gate of my home automatically when my vehicle approach to gate and close after vehicle pass the gate, can be save time.",Other
253,"coffee machine is controllable from mobile and tablet., can be save time.",Other
254,"smart device to clean your windows automatically, can be save time.",Other
255,"my smart home to automatically close and open pre-specified window shades, and to turn on-off specific lights in and around my home automatically each night and each day, I do not have to manually adjust these items each evening.",Safety
256,"my smart home to manage electicity of home. when some activity or movement is going on the lights get auto on for some specific time but if there is no activity going on like room is vacant or people are sleeping then it can auto sensor and switch off the lights and also maintain the brightness of lights., energy can be saved in less effort.",Energy
257,"smart snowlance to clean snow on my home roof automatically, can be save time.",Other
258,"my smart home to monitor my body temprature and manage the home temprature according to that., people living in home stay fit and healthy.",Health
259,"my home to blink a red bulb whenever someone is starring for more then one minute to the home, i can closely monitor who is keeping eye on me or my home.",Safety
260,"my home to play soothing music while evening time, i can relax.",Entertainment
261,"my smart home to ring bell in all over the home, so that all member can wake at time..",Entertainment
262,"my smart home to make sound the alarm in the moments before a big tremor strikes, can be save life.",Safety
263,"my smart home to have voice command feature to operate activities from bathrooms, even if i am alone in home and in bathroom i can manage the activities.",Other
264,"my home floors to be auto cleaner when anything spills., i can manage cleanniness and good health.",Health
265,"my smart home to be full of sunlight and moonlight by transparent walls whenever i need it i can manage the opesity, i can enjoy the nature.",Entertainment
266,"my smart home to collect and manage the various power requirements of my smart appliances, heating and cooling technologies, and my security and access systems, and I wish to be alerted via text message via mobile phone when power-related problems, spikes or failures occur, I may have alternate back-up power sources automatically activated, or manually activate them myself.",Energy
267,"my smart home to give alert if anything is on the floor apart from usual things like if my key is lost somewhere my smart house should give me an alert of direction where i should search it., it can save my time to search things.",Other
268,"my smart home to change the fragrence of home in every few hours, i can enjoy the fregrances.",Entertainment
269,"it to maintain the temperature and ask person at home or other place if the temperature should be higher or lower., A person can be comfortable and not too cold or too hot..",Health
270,"it to run a lawn mower if the grass is getting too high and out of control., the grass is maintained and looking nice..",Other
271,"it to watch people who get close to the house and alert the homeowner if they are suspicious., the homeowner knows if someone might break in or might steal something outside like mail..",Safety
272,"it to check each room and turn off lights if a person is not in the room, the electricty isn't being used when it is not needed..",Energy
273,"it to check the contents of the refirgerator and inform user if the milk is too old or when to get new food., food can be thrown out when old or food can be bought when running out..",Safety
274,"my smarthome to beep when there is a rodent inside my home, there won't be any damage to my household things.",Safety
275,"my smarthome to automatically turn on the television whenever my favorite show is telecast., I don't miss my favorite shows.",Entertainment
276,"it to turn on the TV to the news channel of the user's choice when important news is happening, the user can be aware when major news is happening which the user would want to hear about right away..",Entertainment
277,"my smarthome to alert me when there is water flooding in my home during the rainy season, I can save my belongings.",Safety
278,"it to prepare the bath when a user wants it at a perfect temperature and with bubbles if needed., the user doesn't have to wait for a bath to have it at a perfect temperature..",Health
279,"my smarthome to buzz me whenever my dog poops inside my home, I can clean the faeces quickly and keep my home clean.",Health
280,"it to prepeare the coffee in the morning before user wakes up, the user can have a fresh hot coffee when they get up..",Health
281,"my smarthome to alert me whenever someone sets up a spycam inside my home., I won't be monitored.",Safety
282,"it to remind the person to go to bed at a specific time for school,work or special occasion, the user will get enough sleep and not forget about when they have to go to sleep..",Health
283,"my smarthome to automatically turn off the lights whenever I leave my home, I can save money on energy bills.",Energy
284,"my smarthome to alert me whenever there is a gas leak inside my home, I can save myself.",Safety
285,"it to wash the dishes at the best time available, the dishes will get washed at a time when appliances are not used often in the neighborhood..",Energy
286,"my smarthome to alert me whenever the amount of milk in my fridge is too low, I can get them from the supermarket and enjoy a wholesome breakfast.",Health
287,"it to turn on the outside lights at night and turn them off in the morning also dim lights when light isn't needed so bright, energy is saved and safety at night is observed with light to deter burglary.",Safety
288,"my smarthome to play some music after I come back from work, I can relax and relieve my stress.",Entertainment
289,"my smarthome to give an update on the weather when I am about to leave my home, I can carry an umbrella and avoid the rains.",Safety
290,"it to monitor people with health problems so if something is wrong the medical emergency agents gets called, people who might fall and can't get help will be able to get help or someone who passes out because a disease can get help fast..",Health
291,"it to turn on the oven at a specific time agreed upon by a person, dinner can be ready at a specific time before the home owner gets home or they forget..",Health
292,"dangerous doors to stay locked, my child will be safe..",Safety
293,"channels to be safe, my child wont watch bad stuff.",Entertainment
294,"doors to stay locked, thiefs don't enter.",Safety
295,"cameras to record, i can see what happens.",Safety
296,"items to save energy, my bills arent high.",Energy
297,"lights to dim when i'm gone, i save energy.",Energy
298,"alarms to be in place, i know whats going on.",Safety
299,"detectors installed, i know when a fire happens.",Safety
300,"health scales installed, i can stay healthy.",Health
301,"high tech learning, my child can learn.",Entertainment
302,"to know when someone is trying to break into my home., I can protect my family on the inside..",Safety
303,"something to warn me if there is an electrical problem in the wall, I can get it fixed before my house burns down..",Safety
304,"something that alerts me when my dog gets too close to dangerous foods or things, I can get the dog away from whatever is there..",Safety
305,"radiator thermostats, I can control the temperature of the house easily even when I am away from home..",Energy
306,"my smart home to alert authorities when it detects the presence of carbon monoxide or fire., they can respond quickly and prevent loss of life or damage to the home..",Safety
307,"an alert my refrigerator is acting funny, so I can have it serviced so I can save money..",Energy
308,"smart lights that change throughout the time of day, lights will automatically come on when needed when I come home..",Energy
310,"my refrigerator to let me know when food is bad, I can toss it to keep my family from becoming ill..",Health
311,"My smart house to turn the lights off after there is no movment in a room for 20 min, I can save money on light bulbs and electricity..",Energy
313,"my television to warn me when a rated R movie is coming on, I can stop it before my children see it.",Entertainment
315,"my fridge to be programmable so that I can insert a list of items I want to keep on hand and when the item gets low, i can push a button to have it added to a shopping list that interacts with my laptop (like via an application) and generates a list fo rme, I can just print out the list (or even better have it on my phone) and take it to the store with me and not forget to pick up things (like milk).",Health
316,"a central control unit, I can easily change settings of smart home features in my house..",Other
317,"have the lights dim for a romantic evening with my husband, I do not have to move and spoil the moment..",Entertainment
318,"something to warn me when the stove isn't working right, I can cook the food properly to keep my family from being ill..",Health
319,"security footage of visits by humans only, I can save time when reviewing the footage.",Safety
320,"my smart home to recognize a durress phrase,, when I say it, the police will automatically alerted to the presence of an emergency/intruder etc. and respond. (kinda like a silent alarm in the bank0.",Safety
321,"to be able to lock my house through an app, if I forget to lock any doors, I can do so from home..",Safety
323,"a light to kick on when someone approaches my door, I can make sure whether to answer the door or not..",Safety
324,"motion sensors in my home, I can tell when something is moving about if it is suppose to be there..",Safety
325,"my smart home to restrict tv channels when my child turns on the tv (perhaps via a profile menu or something), my child can only access child appropriate channels..",Entertainment
326,"measurements of what each appliance draws in voltage, I can conserve energy.",Energy
327,"smoke detectors that will alert me if I am away from home, I can know if a fire happens right away..",Safety
328,"something that alerts me when my dog is in the trash, stop her from grabbing something she should't..",Safety
329,"the house to automatically determine the right temperature to set the thermostat, I will save on my home heating bills.",Energy
330,"my smart home to turn off internet access for my child's playstation or computer when a certain time period (to be specified by adult) has been reached, they will not spend the whole day playing on the internet/video games..",Entertainment
331,"My house to automatically lock all windows and doors once I close the front door and step on the front steps outsidde, My home will be secure from burgulars.",Safety
332,"the house to automatically shut off lights in rooms without occupants, I will save on electricity bills.",Energy
333,"a floor heating controller, I can have comfortable floors during winter time..",Energy
334,"lights to turn off if no one has entered a room during a given period, I can save electricity.",Energy
335,"my porch lights to be programmable to come on when it gets dark, I can see when I get home..",Energy
336,"my smart home to turn off lights in rooms when no motion is detected after 15 minutes, I can save on energy costs and lower energy usage.",Energy
337,"my smart home to have programmable lights, so that when i'm away they will turn on at specific times to discourage theft..",Safety
338,"a smoke alarm that I can easily temporarily disable for an hour, it doesn't go off when I'm cooking something smoky.",Safety
339,"a voice activated recipe search program in my kitchen, I can easily find recipes for something I want to cook and it could list off ingredients for me while I am searching for them..",Other
340,"my smart home to allow me to track my fitness goals (like weight, exercise calories, food consumed) through an easy app (like while preparing a recipe I may be able to just push the ""i've eaten this button"" on the interface), I am encouraged to be more active and eat better..",Health
341,"a standard setting (like a car radio button) for a temperature I like the water, I don't experience water that's too hot or too cold each time.",Health
342,"the window blinds to automatically open and close depending on the time of day, I can maintain my privacy and save on electricity.",Safety
343,"my smart home to manage temperature settings when people are home and away, we don't unnecessarily use energy when no one is around..",Energy
344,"an alarm to go off whenever someone who is under a certain height goes in the kitchen, my child wont be able to get into dangerous things in the kitchen. Such as; getting burned on the stove or getting into dangerous chemicals..",Safety
345,"door and window sensors, I can tell if anyone suspicious has been around my house and can avoid robbery..",Safety
346,"video cameras to start recording anytime someone comes in range of the main door, I will know whether or not I should open the door to visitors.",Safety
347,"my smart home to alert me when my cat enters or leaves the house, I have a better idea where the pet is (and don't spend hours searchign inside, when the cat is actually outside).",Entertainment
348,"lights and my stereo hooked to my alarm clock, I am forced to wake up.",Entertainment
349,"a room monitor, if I have a child, I can tell if anything is wrong with the baby at night..",Safety
350,"my music and videos to sync across devices all over the house, I will not have to manually transfer my entertainment between devices.",Entertainment
351,"my doors to lock automaticaly, I never have to worry about them being locked..",Safety
352,"my smart phone to have programmable thermostats/electricity settings that automatically engage when I'm away, or the weather changes according to specified paramters, i can save money on my bills.",Energy
353,"curtains that can close automatically with a clap, I don't have to pull a string.",Safety
354,"Sensors that can notify my smartphone if there are movments in the house, I know if someone breaks in..",Safety
355,"automatic shades/blinds that adjust throughout the day, it can maximise brightness in the room during the day without me having to..",Energy
356,"Smoke detectors that can notify my phone, I know if there is anything wrong in the house.",Health
357,"a subtle reminder should I leave a door unlocked or open, I'm protected from intruders.",Safety
358,"my home to notify me when I need to take the dog out for walks, I do not neglect my pet and it can take care of its business outside the home.",Health
359,"lights that turn on and off automatically, Ligts are never left on wasting electricty.",Energy
360,"my smart home to be able to place phone calls from voice command / or text messages (like, activate computer with voice command: call x, and then have the call take place ""mid air"" so to speak), i can conveniently place orders, talk to customer service ,or get in touch with people.",Entertainment
361,"my smart home to turn on lights in the living room, foyer, and front porch when someone approaches the door, it seems as if someone is home, even if that isn't the case..",Safety
362,"a search engine voice activated with a display on a wall, i can quick search something in a conversation.",Entertainment
363,"my home to automatically wake up children at a predetermined time for school, I do not have to wake my children up myself and they are not late for school.",Other
364,"a doggy door that slides open automatically to a sensor on a dog's collar, strange animals don't come in the doggy door.",Safety
365,"lights that in front rooms turn on automatically, potential robbers are deterred thinking someone is home..",Safety
366,"my smart home to have coffee working each week day at 6:45 am, I don't have to start it before I take my shower in the morning..",Other
367,"sprinklers to automatically activate and water the lawn at the appropriate times, I can maintain a healthy looking garden.",Other
368,"i want my smart home to put heat or air conditioning on depending on the temperature in the room, I can always be comfortable.",Other
369,"a thermostat that takes the outdoor temperature and forecasts into account, I have reduced running time on the HVAC system..",Energy
370,"my smart home to regulate temperature loss  or brigthness through windows (like a photo cell that darkens the window when the sun shines right on it), so that it doesn't heat up during the bright part of the day, or at night they untint so you can still see out the windows, but in general control light and energy expense..",Energy
371,"my home to notify me of maintenance concerns, such as faulty meters or leaking pipes, I can maintain a safe home.",Safety
372,"speakers to turn on where im walking towards, i can enjoy music all over the house.",Entertainment
373,"electrical outlets wtih USB built into them, I do not need adapaters to charge newer tech items that work via USB.",Energy
374,"my smart home to shutter the windows when winds get too brisk or high, the house is protected from sudden upbursts (like I live in tornado alley, so that woudl prevent damage and potentially loss of life).",Safety
375,"a home media server, I do not have to use my data cap to stream movies.",Entertainment
376,"smart thermometer, i know when the meat is ready from inside my house while its in the  barbecue or oven.",Health
378,"detection of small bodies in motion, in case a small pet like a rat gets loose I can narrow the search.",Safety
379,"my smart home to turn off the heat if anything is blocking the heater, my house will not burn down.",Safety
380,"speakers that know if I am in a room and can turn on music when I am in there, I can have relaxing music follow me throughout the house..",Entertainment
381,"my refrigerator and pantry to notify me when certain ingredients are running low, I will not run out of necessary ingredients when they are needed.",Health
382,"my smart home to detect noise levels and adjust music volume on stereo when it's in party mode, noise levels remain consistent but not obnoxious..",Entertainment
383,"a garage door opener that can be controlled remotely, I can make sure it is closed after I leave..",Safety
384,"A buzz alert, I can avoid a breaker trip.",Safety
386,"wall chargers to turn off after the phone is fully charged, i save electricity.",Energy
388,"my smart home to have a temperature control system that knows to deliver more cold air in summer to top floors where bedrooms are, our sleep is more sound during summer months.",Health
389,"my smart house to make a sound when someone under a certain height goes in the bathroom, my toddler doesn't flood the house.",Safety
390,"The oven to talk with basic information, Cooking can be done properly.",Other
391,"a faster pre-heating oven, i can cook things without as much planning or waiting.",Energy
394,"I would like my smart home to alert me by cellphone if there is movement in my home after i leave for work, I will know if some some broke in.",Safety
395,"device to send the heat my computer produces to go out of my window, my room doesn't overheat.",Energy
398,"my smart home to alert me to any odd environment fluctuations in my home that may signal fire, burst pipe, oven left on, burglary, I can take appropriate action to rectify the situation before it becomes worse..",Safety
399,"A notification on my phone when my dog's water bowl is almost empty., I'll know I need to refill it soon..",Health
403,"my shower to alert me of the current amount of hot water left, i dont freeze in the shower.",Other
404,"A spoken alert, I can be alerted for unauthorized energy use.",Energy
405,"Toilet seat to heat, It's warm when someone enters the bathroom.",Energy
406,"my computer heat to be used to keep my drink hot, i can enjoy it longer.",Energy
407,"A notification on my phone if I've left the house and my stove is still on., My house doesn't burn down by mistake..",Safety
408,"my pc to use the heat it generates to heat my heatpad, i can be comfortable.",Energy
409,"I would like my smart home to turn off outlets where and appliances are plugged in at night and when I leave the house., I can save money on electricity.",Energy
410,"Room thermostat sensor, The room is optimal temperature for an occupant.",Energy
411,"Food to be automatically dispensed when sensors notice my dog is pacing around and it is also past a certain time of day (dinner time), I won't have to feed him myself..",Health
412,"The lights to dim (all lights in the house), phone to go silent mode, and set mode on phone to automatically respond to text messages when I start playing a movie., I will be able to enjoy the movie without interruptions..",Entertainment
413,"my smart home to alert me by text when my light bulbs are about to run out, I can change them before hand and I don't have to be in the dark..",Other
414,"CO detector to send a phone alert, The windows can open to alleviate the gas threat.",Safety
415,"The door to the dog's room to open and let them out, while also unlocking the front door when I pass a geofence and I'm on my way home from work., I don't have to let them out myself when I get home..",Other
416,"my smart home to tell where smoke or carbon monoxide is coming from when the alarm goes off, I can know where it is and solve the problem before it spreads.",Safety
417,"Sensors to realize when I am tossing and turning in bed and turn the temperature in the room down automatically., I won't wake up from being too hot..",Health
418,"Sensors to realize when there is smoke coming from the oven (and only from the area of the oven) and automatically turn the oven off while sending me an alert and giving me the option to alert the fire department as well., My house is saved from fire..",Safety
419,"Sensors to detect when I've left a room and automatically turn off the lights., I'll save energy..",Energy
420,"Sensors to adjust the lights based on my current activity. So if I sit down at the computer it will turn on the desk lamp, or if It sees me sitting on the couch with the TV on it will turn the lights to 50%, but if it sees me sitting on the couch with the TV off it knows I want to read, and will adjust lights accordingly. This could work for many rooms and activities., Electricity will be saved..",Energy
421,"The thermostat to be adjusted when my dog starts panting, because it means he is too hot and needs the heat turned down., He will be comfortable and energy will be saved..",Energy
422,"my smart home to monitor and remember local outdoor temperatures and calculate degree heating days (or degree cooling days), I can accurately gauge my monthly energy use for heating and cooling..",Energy
423,"Electronic usage monitor, I can tell how much energy I'm using real time.",Energy
424,"my smart home to tell me when energy usage is optimal to do things like run the dishwasher and do laundry, it benefits the economy and environment by not using lots of power during high load times on the grid..",Energy
425,"A self flushing toilet, The user has to touch nothing in the lavatory.",Health
426,"my smart home to remember optimal volume settings for TV and music throughout the house and use them unless over-ridden, we don't have to constantly adjust the volume of music and TV because it is blaring loud or too quiet to hear..",Entertainment
427,"to have entertainment appliances aware of who is using them, the available content can be limited to age-appropriate material..",Entertainment
428,"my smart home to alert me when ice has re-formed on sidewalks and driveway, I can clear them for safety reasons.",Safety
429,"A command kitchen that controls appliances by voice, I can remote activate anything even not in the kitchen.",Energy
430,"Retina scan for front door, Nobody else can get in.",Safety
431,"drive and walkway lighting to be turned on when people are using them at night, occupants don't fall and the outside of the house is lit when strangers approach at night..",Safety
432,"landscape lighting to be turned on when the exterior of the house (especially windows) are approached at night, criminals are deterred..",Safety
433,"A home filled with entertainment, I can host events.",Entertainment
434,"a buzzer for when the door rings, i can tell when i have headphones on.",Entertainment
435,"Home with security, so that I can monitor nannies and my children while away.",Safety
436,"a home that is also like an assistant, I can keep up to date with my responsibilities.",Other
437,"certain appliances (e.g., dishwasher, washing machine) to automatically delay running until times of day when electricity rates are lower, I can save on energy costs..",Energy
438,"home that monitors my diet and excercising, I can raise healthy kids.",Health
439,"home that use earth friendly energy saving techniques, I do less harm to the earth.",Energy
440,"my home to notify me when someone approaches the main door, I can be confident that the individual is not trying to break-in.",Safety
441,"a home that keeps me safe and secure in case of falls, I can be protected in ill health.",Safety
442,"my home to notify me if carbon dioxide levels exceed a certain level, I can make sure that family will be safe.",Safety
443,"moisture sensors in my vegetable garden to regulate the drip irrigation, I'll have a more evenly watered plants and save money on water bill..",Energy
444,"a home that's interactive for my kids, they will not be bored..",Entertainment
445,"my home to notify me when my favorite TV show has been recorded on the DVR, I can decide if I want to watch it at that time.",Entertainment
446,"a home that keeps track of my pets health and diet, they can remain healthy.",Health
447,"my home to provide me access to the amount of water that I have consumed, I conscientiously manage the amount of water that my family and home uses.",Energy
448,"a home that helps me to nourish and grow my plants, i can keep a healthy garden.",Other
449,"a home that allows me to organize my tools and propose work ideas, I can benefit in my projects.",Entertainment
450,"my home to notify me if any outside window or door is accessed, I can be confident that no one is trying to break-in to my residence.",Safety
451,"monitor all our utility meters (e.g., gas, electricity, water) and alert me when we're above our typical usage, I have fewer surprisingly large bills..",Energy
452,"my home to automatically shift my music from one room to the next as I traverse from room to room, I can enjoy the benefits of my music throughout the entire house.",Entertainment
453,"my home to notify me if there is any standing water below my crawl space, I can determine where water is accessing the house and be able to prevent long-term problems like mold.",Health
454,"my house to notify me if and when my children leave and enter the house, I have confidence that I always know their whereabouts.",Safety
455,"my house to notify me if there are any accidents and/or traffic delays on the local freeways, I can plan my commuting schedule in advance and allow myself extra time to get to work or to appointments.",Other
456,"my home to be able to alert me to where my keys and wallet are at any time, I don't have to look in multiple rooms for these items when I need to leave.",Other
457,"my home to notify me before my smoke detector batteries starting beeping due to low power, I don't have to be woken up in the middle of the night when the smoke detector battery reaches low power.",Safety
458,"my house to notify me if any of my pets get outside of the house, I have maximum time to find them and get them back inside the house before they can get lost.",Safety
459,"cooling systems to be aware of each other and coordinated so that, for example, roof exhaust fans are turned off and closed when the AC unit is needed, I use the appropriate means of cooling and don't have to think about..",Energy
460,"my heated driveway to sense when there is snow on it, the driveway is clear when I wake up after an overnight snowfall..",Safety
461,"to NOT have to have separate clocks on all my appliances, I don't have to reset ten different clocks every time there is a power outage..",Other
462,"my smart appliances to be standardized and modular, I don't get locked into one company's product line and have more options to choose from when something needs to be replaced..",Other
463,"smart windows that can be set open themselves at night when it's cool outside and close before the air heats up in the day, I don't have to do this and still save on energy costs..",Energy
464,"a smart outdoor water system that automatically switches between cisterns/rain barrels, gray water system and utility supply depending on what is available, I can easily use less town/city supplied water..",Other
467,"lights to be control automatically, time consume.",Safety
469,"a buzzer to let me know when people are on my lawn, i will know if any strangers are approching.",Safety
470,"a latch on my windows so I can lock my kids windows at night, my child is safe.",Safety
471,"to be able to preheat my oven using my smartphone, cooking will be faster.",Other
472,"a buzzer to go off when my dogs bowl is empty, i know when to give him more food and water.",Health
473,"a buzzer to go off when my sink is full of dishes, i know when to wash dishes.",Health
474,"a buzzer to alert me when my trash can is full, i know when to take out the trash.",Health
476,"the stove to shut itself off when my food is done being cooked, i never overcook or burn my food.",Other
478,"the lights to turn themselves off if they sense a room is empty, I save energy and money on my electric bill.",Energy
479,"water should be automatically supplied to palnts, save time.",Other
480,"I want my tv to record my favorite show if it sense I am not home, I can watch my show when I get home..",Entertainment
482,"my treadmill to alert me when I haven't used it in too long, I know i need to exercise..",Health
487,"my smart home to detect when someone's glucose level is dropping or becoming too high, we can get notification if a health problem is eminent..",Health
488,"to monitor when the baby is waking up from sleep, i can turn my concentration towards by baby.",Safety
489,"to check whether i have closed all the taps, to prevent water loss.",Energy
490,"my smart home to notify me when it detects possible carbon dioxide, a potential dangerous situation can be avoided..",Health
491,"to check whether all the lights are off in day time, i can reduce electricity.",Energy
492,"my smart home to cut off electrical equipment/appliances when no one is in a particular room, we can save on electricity bills and be more environmentally aware..",Energy
493,"to on my a/c automatically when the room temperature raises above 30 degree celcius, i can feel free when i return home.",Health
494,"my smart phone to come with an app that whenever someone rings the doorbell, I can see on my phone, tablet, computer a picture/video of who it is from anywhere in the house, we can know who is at the door more securely and be ahead of any possible problems..",Safety
495,"to water the plants automatically when the soil gets dry, i can have all my plants fresh and healthy.",Energy
496,"lights to come on when I am in a room, trip over anything.",Safety
497,"lights to go off when I leave a room, energy is saved.",Energy
498,"shutters that close or open based on weather, the house can be naturally lit when sunny.",Energy
499,"to know any unusual moves like cats, dogs,other than humans, i can be alert.",Safety
500,"music to play when I am in the kitchen, I can listen to music while cooking/cleanin.",Entertainment
501,"my smart home to automatically refill the pet's water and food bowl through an automated system, I know my pet will be taken care of in the event that no one is home or someone has forgotten to feed them..",Health
502,"temperature monitoring in kid's room, they can feel comfortable at night.",Health
503,"ceiling fans to turn on when house temperature begins to rise, the house can cool without using AC.",Energy
504,"my smart home to prevent children from accessing the oven and other dangerous appliances when an adult is not at home, a possible disaster or injury can be avoided..",Safety
505,"a door lock that acts as a camera and speaker, I can communicate with people at the door if I am not home.",Safety
506,"to alert me when something usual happened like fire,smoke, i can prevent from bad things that might happen.",Safety
507,"my smart home to react to my voice and play whatever song I request, I may enjoy my favorite tunes in whatever room I'm in..",Entertainment
508,"to alert me when i need to service my fridge, washing machine, i can do that in time.",Safety
509,"my smart phone to make movie and tv show recommendations based on previous choices, we can discover more entertainment choices..",Entertainment
510,"a door that will open for my dog, dog can go out for outside time.",Other
512,"ceiling fans to shut off when bird is in the room, he doesn't get chopped.",Safety
513,"tv to shut off when I fall asleep, energy is saved.",Energy
515,"security cameras that record hours of important footage without cloud services, I can review any feed without the hassle of dealing with outside companies.",Safety
516,"to monitor what the baby is doing all the time, i can know what my baby is doing now and then.",Safety
517,"a smart remote, it can control EVERY electronic device.",Entertainment
519,"to find whether unnecessary things are there in floor like needles, hocks,, i can prevent my baby from putting it in mouth.",Safety
520,"microwave or oven chimes to be broadcasted to every room I am in, I can hear them.",Health
521,"garage door automation, I know when I left garage door open.",Safety
523,"mailbox to signal me when something's in it, I can go get the mail.",Other
524,"a smart fridge, it can monitor what is running low so that I can be notified to buy more.",Health
525,"door camera to show image on my smartphone or tv when someone is outside, so I can see who it is.",Safety
526,"pet food to automatically come out of wherever it is kept when they are hungry, I don't have to feed them.",Health
528,"water to turn off when I am brushing my teeth, I don't have to do it.",Energy
529,"lights to come on when I am supposed to wake up in the morning, it is easier to wake up.",Energy
531,"my smart home to let me know if there is any door or window unlocked, I can better protect my family from intruders..",Safety
532,"vacuum to come on automatically when I spill something, I don't have to turn it on.",Health
534,"The front and back door to lock whenever my child under 8 years old tries to open it without entering a selected code, They will not open the door without permission, leave the house without my knowledge.",Safety
535,"the rooms lights and appliances to turn off or go into sleep/hibernation mode after 30 minutes of no movement in the room, energy and money can be saved, so electricity is only used when needed.",Energy
536,"my smart home to make a sound to warn me if my door is not locked at night., My home remains secure.",Safety
537,"my dishwasher to emit a beeping sound or text my phone when it is full and when the dishes are cleaned, I can remember to turn on the dishwasher when it is full and to remember to turn it off when the dishes are cleaned to save energy and time.",Energy
538,"My smart home to turn off appliances when they are not in use., I save and not misuse energy.",Energy
539,"the oven and stove to not turn on unless a certain sequence of buttons or a code is entered, no child will be able to turn it on by themselves.",Safety
540,"my smart home to make a sound when a package is left outside my door,, I collect them eimmediately.",Safety
541,"my home to notify me when I am using too much energy., I reduce on amount of energy use.",Energy
542,"my smart home to adjust to the weather conditions outside, when I am inside/home, my home is always at a pleasant temperature, no matter the weather outside. In the summer I want the air conditioning to adjust to a comfortable temperature, in the winter I want the heat to adjust to a comfortable temperature.",Energy
543,"the floors in my bathroom to warm up when I get in or out of the shower, I don't have to enter or exit the shower into a cold bathroom or have to touch a cold bathroom floor.",Energy
544,"my smart home to open the blinds in the morning, the morning sunlight can come in.",Other
545,"the temperature in the bathroom to adjust, the mirrors in the bathroom begin to defog as soon as the water in the shower stops.",Energy
546,"all the rooms to have a humidifier that works with the heating and cooling system, energy can be saved, the air in my home will be cleaner and to suck up excess moisture in the home.",Energy
547,"my smart home to have a whole home sound system with individual control for each room., I enjoy the music in whichever room I go into..",Entertainment
548,"my smart home to warn me if there is mold in the air, in my fridge or bathroom., I maintain a healthy environment.",Health
549,"my smart home to notify me when my carpet needs cleaning., I maintain a clean and healthy environment.",Health
550,"the lights in the house to be adjustable, so that if I have a party I can set mood lighting, disco balls, or lasers to emit from the lighting features that are already in place in my home at the touch of a button.",Entertainment
551,"my smart home to switch to a channel on TV and  text me when there is breaking news of great importance., Safety and health awareness..",Other
552,"the windows in my home to adjust to the sunlight or lack of sunlight, if it is too sunny, the windows will keep the hot sun out by becoming darker, if it is cold the windows will adjust and keep the warm air inside the house.",Energy
553,"my smart home to warn me when there is potential damage to the floors, walls or carpet., I effectively maintain the quality of my home.",Safety
554,"the smoke detector to alert me to fires, smoke, carbon monoxide in a human voice that tells me where the danger is, I can find the best way to get out of the house, call for help and avoid the room that is dangerous.",Safety
555,"my smart home to broadcast video to my phone, I can keep an eye on my dog when I'm away.",Safety
556,"a smart home that alerts me when my pet has left the premises by a tracker that is attached to his collar, I can make sure my pet is safe.",Safety
557,"a smart home that alerts my phone when a locked door or window has been opened, I am aware of potential break-ins.",Safety
558,"a home that features lights that can be remotely controlled via my smart phone, I can dim or turn on/off lights even when I am not home.",Energy
559,"a smart home that features vacuum terminals built into the corner of certain corners of the house, I can conveniently sweep without having to use a dustpan.",Other
560,"smart home that has a mail receptacle that has sensors to alert me when mail has been delivered, I can promptly retrieve my mail without having to worry about theft.",Safety
561,"smart home that features door locks that can be remotely locked and unlocked via a passcode on my phone, I can always check my phone to see if the doors are locked.",Safety
562,"a smart home that has motion sensors that I can program to trigger music/lighting/audio reminders when I enter a certain room, I can benefit from the convenience of not having to turn things on manually, and also to remember why I go to certain rooms in the first place.",Other
563,"a smart home that have controls that allow me to trigger appliances in the kitchen from my bedroom, when I wake up, I can start the coffee or boiling kettle when I turn off my alarm clock.",Other
564,"a smart home that features usage statistics that can calculate electric and water output according to room, I can keep track of my energy usage.",Energy
573,"a refrigerator that tells me when my food is about to expire, and makes lists for the items I need, I'll know what I need to buy while I'm at the store by reviewing the data on my smartphone..",Health
574,"a central air conditioning unit that automatically orders new air filters for itself when air quality diminishes, I can maximize energy efficiency and air health.",Energy
575,"a smart door that communicates with my phone and unlocks itself automatically when I'm next to it, then locks itself once I'm inside, I don't have to fumble around with keys when I'm trying to get into my home, and I know it's always secure..",Safety
576,"a smart doorbell that notifies me when it's rang, so that I can communicate with the postal worker and sign for my package from my phone, and also give them instructions on where to put the package - perhaps even unlocking the door temporarily for them, I can know that even when I'm away from home, my packages are safe..",Safety
577,"a smart chair that knows who is sitting in it, then turns on the tv/entertainment system based on that individual's preferences, then turns if off or pauses media when I stand up, I can save energy from my entertainment, and also have my preferences loaded instantly when I sit down..",Entertainment
578,"smart plates for food that can determine what type of food I've placed on it, and aggregate nutritional information to be displayed on a smart table while I'm eating, I can prepare healthy meals and keep track of my nutritional intake..",Health
579,"a smart alarm clock that knows my name and talks to me, convincing me to wake up, and reminding me of my appointments for the day that I'm going to be late for. Maybe it could talk with my smartphone about how lazy I'm being, and how we go through this every morning., I could be motivated to wake up with ease..",Entertainment
580,"a smart dryer that can determine when my clothes are dry, then turn itself off and send me a notification on my phone, I'm not wasting energy by over-drying my clothes, and I'll know when to change loads..",Energy
581,"smart outlets for my electronics that can be programmed individually to completely cut power on specific electronics when they're not in use, I'll know that I'm not wasting any unnecessary electricity.",Energy
582,"a smart washing machine that can order its own detergents/supplies when needed, I'll always have laundry supplies without having to think about it.",Other
583,"a smart closet, with smart hangers, that can tell me the last time I wore the clothing that's hanging from a specific rack, I can easily pick my wardrobe for the day.",Entertainment
584,"smart faucets on my sink that monitor the water for pollutants, and alert me if any new threats are found, I can know that I'm drinking clean, healthy water..",Health
585,"smart floors and furniture that can tell me if a small object is resting somewhere it shouldn't be (like if I couldn't find my keys), I can review where misplaced objects are located, and find them.",Safety
599,"recommendations of new tv shows, i can know what is new.",Entertainment
600,"Automatic doors, cool temperature can be kept in during the winter/warm temperature can be kept out without hassle.",Energy
603,"to know when I am about to fall asleep, I do not watch too much tv.",Entertainment
605,"my smart home to let me know the best way to maximize my living space, I can remodel or rearrange my house accordingly.",Other
606,"to know when my kids are leaving the house, I can know what they are up to.",Safety
607,"my smart home to clean my cats's litter box whenever its soiled, I don't have to breathe in the fumes from the litter box.",Health
608,"Automatic lights, all the lights' temperature, shade, and position can be controlled with an app.",Energy
609,"to know when my children are not feeling well, i can take them to hospital.",Health
611,"an alert when someone drives up to my house., I can put the dogs out back and don't have to listen to all the barking..",Safety
612,"to know when there is an intruder, I can call the police.",Safety
613,"my smart home to let me know how money I am saving on Energy, I can keep track of my energy usage.",Energy
616,"sensor to let me know if there are unpleasant odors and the area they come from, my house always smells good.",Other
617,"my smart home to keep track of my food consumption, I can keep track of my grocery shopping.",Health
618,"when the plants need to be watered, they can remain healthy.",Other
620,"an alert when there is smoke in the house., I can get out..",Safety
621,"Smart surveillance systems, cameras can be added and looked at on a smartphone while the home owner is away.",Safety
622,"my smart home to adjust the temperature depending on if someone is home or not, I save energy and money on my gas bill.",Energy
623,"gas leak, I can get it fixed.",Energy
624,"electronic windows, I can open the window with my phone when I am not home.",Other
625,"my smart home to keep track of my scheldule, I will not be late and know what I have to take care of.",Other
627,"Moisture and humidity sensor, I can get the ideal temperature while being able to save the most amount of money.",Energy
628,"my smart home to keep track of my kids school grades, I can keep up to date with their education.",Other
629,"to know when I need to exercise, I can be healthy.",Health
631,"when I should go to sleep, I cannot waste time and be healthy.",Health
632,"my smart home to remind me of any activities my kids need to go to, I don't forget.",Health
633,"built in clocks in the tv's in each room, I will know what time it is when I am watching tv.",Entertainment
634,"Automated cleaners, I don't have to worry about cleaning the floor/tiles etc..",Other
635,"an energy feature that tells me when I have used a certain amount of electricity., I can conserve electricity and save money..",Energy
637,"to know what my children are doing, I can monitor their activities.",Safety
638,"My smart home to keep me entertained, so that I do not get bored.",Entertainment
639,"my washing machine to measure the adequate amount of soap I need and water I need to wash a given load of laundry, save water and save money on water and soap.",Energy
640,"to turn off the air conditioner when I am away from home, I can save energy.",Energy
641,"my television to alert me when someone calls the home line, I don't miss a call when I have the TV blasting..",Other
642,"my smart home to keep track of my health, I can stay healty.",Health
643,"a sensor in the refrigerator that light up the container if food starts going bad, so that there will be no sickness.",Health
645,"Controllable applicances, I can control the power supply to all appliances and turn it off in order to save energy.",Energy
646,"control who my children open the door for when the doorbell rings, they don't inadvertently let in anyone suspicious or undesired.",Safety
647,"My smart home to help me keep track of what my responsibilities are, I wont forget what I need to do.",Other
648,"my baby's crib to alert me when my infant wakes up, via my iphone or apple watch, I don't have to use a baby monitor..",Safety
649,"automatic lights, the lights would come on before I came in the house..",Safety
650,"Automatic music, I can listen to different genre of songs that play at specific times throughout my daily routine.",Entertainment
651,"a washer that you can set a timer to start when you are ready, I can have the load start right before I get home so that it doesn't have to sit all day.",Energy
653,"My smart home to keep track of my pets health, they will remain healthy.",Health
654,"to control what electronic devices my children have access to when I am away from home, their use of electronic devices is in keeping with household rules for safety..",Safety
655,"my television to turn on and off with the sound of my voice, i don't need to use a remote control.",Entertainment
656,"something that would turn on music by the sound of my voice., I won't have to get up to turn it on..",Entertainment
658,"Alarm Clock, I can choose from a variety of different sounds that would play in the mornings at a specific time; this alarm clock would also contain specific features that would force me to wake up.",Other
659,"my mailbox to lock when it senses the mailman has filled it with mail, no one steals my mail.",Safety
660,"my iphone to alert me when my dog is distressed/barking via a smart collar, I can check on my dog when I am not home.",Safety
661,"built in smoke detector and carbon monoxide detector with alarms, I know if something is in the air it will alert me.",Safety
663,"Automated cookers/crock pots, I can control various appliances and therefore the food I make while I'm not at home using a smartphone app.",Other
664,"to be able to set the temperature of my shower water., I can have it hotter or colder..",Energy
665,"a notification via my phone/smart watch letting me know when my food is ready, I can concentrate on other things and keep the food from burning or cooking to long..",Other
666,"sensors that tell me if someone or something leaves my house, I know if my kids are going outside if I am in another room.",Safety
667,"monitor packages left on my front porch/doorstep, I know if they have been taken by someone other than myself, and if so, by whom..",Safety
668,"Smart Beds, I can have improve my sleep quality because of a smart bed that is able to track breathing, heart rate, movement, etc.",Health
669,"to be able to start my car from inside the house., it can warm up in winter time..",Health
670,"I want my smart home to sync with my phone such that if I am in danger the police can be notified, I don't need to use my phone to call the police.",Safety
671,"my air conditioning unit to purify the air in my home and report the air quality, I can ensure my family is breathing healthy air.",Health
672,"an oven that comes on at a certain time, I can place my food in the oven and it'll be ready when I get home.",Other
673,"my house to alert me by text if motion inside is detected while I'm gone, I can alert authorities to intruders.",Safety
674,"to receive a text if the fridge is opened, I can monitor what my kids are eating..",Health
675,"my phone to alert me if carbon monoxide levels are outside of the normal range, I can ensure that everyone in the house evacuates and is safe..",Safety
676,"an alert that lets me know when my wi-fi or home internet is accessed, I can monitor who is accessing these, when and for what purpose.",Safety
677,"my television to turn on my favorite shows when I walk in the room, I can proceed with my morning routine.",Entertainment
678,"to be alerted if I've gone over an energy usage threshold for heating or A/C, I can make adjustments to save money and energy.",Energy
679,"a freezer that has an alarm that goes off if the power isn't working, I will know in time to save my stuff.",Energy
680,"my music player to work in conjunction with the lights, to set the mood for when I am entertaining.",Entertainment
682,"an alert when my child is getting close to the oven or places they shouldn't be., I can keep them safe..",Safety
683,"to receive a preliminary text about the smoke detector before it actually goes off, I can ensure that it isn't just because I'm cooking something in the kitchen.",Safety
684,"my laundry machine to alert me via phone notification when the cycle is complete, I can use my time to concentrate on other chores and maximize the laundry I can do..",Other
685,"a closet that straightens up the coats as we throw them in there, It is more tidy.",Entertainment
686,"to receive an alert if I've left the oven or stove on after I've finished cooking, I can make sure that nobody gets burned and so I can save money on energy..",Safety
687,"to access emergency contacts at the touch of a button, even away from the home, I can save time in case of an emergency.",Safety
688,"my dryer to alert me via phone notification when my dryer has completed, I can use my time to concentrate on other chores and maximize the laundry I can do..",Other
689,"an alert when my teenager comes home at night., I know they are safe..",Safety
690,"an alert that lets me know when the refrigerator is left open, I can save energy.",Energy
691,"to control the temperature of my water heater, I can save energy costs..",Energy
692,"to receive an alert if it's going to rain and I have a door or window open in my home, I can close the door or window and keep things from getting wet..",Safety
694,"to be alerted if the water from the faucet contains too many minerals or impurities, I can get it fixed or begin to filter my water from the tap.",Health
695,"to be able to turn on the lights in my house when I am not home, I can make it appear that someone is home..",Safety
696,"my smart home to open for my latchkey kid after school via voice command, my son doesn't have to carry a key.",Safety
697,"the heat to automatically adjust when people enter or exit a room, I can save energy.",Energy
698,"bath water temperature to be automatically set to warm, I do not have a cold shower or burn myself.",Safety
699,"cameras throughout the home, I can observe who is present before I enter.",Safety
700,"to be alerted if the fridge and freezer temperatures go outside of a certain range, I can ensure my food isn't going bad due to high temperatures or being frozen due to low ones..",Health
701,"a showerhead that alerts me when I use more than an amount predetermined by me, I can save on my utilities and conserve water.",Energy
702,"to receive an alert if motion is detected on my driveway or front doorstep, I can know that I have visitors and not miss deliveries or packages.",Safety
703,"to be able to receive a notification via my smart watch/phone when someone or a vehicle enters the driveway, i can know when someone is outside.",Safety
704,"my smart home to limit my son's internet and video game usage, he doesn't overdo it with the electronics and can spend his time more wisely / go to be at a reasonable hour.",Health
705,"an alert automatic locks on the doors, they could all be locked at once..",Safety
706,"an alert that lets me know when I've left the oven on when not in use, I can prevent a fire and save energy.",Safety
707,"an alert that lets me know when electric wires are chewed/exposed, I can prevent a fire and/or other danger.",Safety
708,"TV to turn on when i enter the room and to use voice commands to control it, I can easily relax.",Entertainment
709,"self retracting sky lights, sunlight can help to heat the home or prevent it from entering to keep it cool.",Energy
710,"doors that lock automatically in the evening, I don't ever forget to lock them before bed.",Safety
711,"my smart home's windows to darken in response to the amount of outdoor light, I save money on my heating/electric bill.",Energy
712,"automatic lighting, I don't have to always remember to shut lights off when I leave a room.",Energy
713,"a central heat and air system that knows the weather outside and adjusts itself accordingly, I can save money and enjoy more comfortable inside temperatures..",Energy
714,"voice activated virtual assistant, I can get up to date on news,weather, and sports without checking television or social media..",Entertainment
715,"water usuage detection, I can see if any major changes occur..",Energy
716,"automatic window defrosters, I can see outside when there is bad weather..",Safety
717,"my smart home to ring a bell at meal times, I don't have to call each and every person separetely.",Other
718,"an app that lets me manage my AC/Heater, I can turn it off and on even if I am outside..",Energy
719,"music that automatically plays when in the shower, I always have good tunes to listen to while getting clean.",Entertainment
720,"retracting blinds, my energy usage is reduced.",Energy
721,"an app that lets me manage my stove/gas, I can turn it off and on even if I am outside..",Safety
722,"my gate to know who's entering, I can be aware that I know them..",Safety
724,"a TV that locks itself after it's kids bed time, they can't turn it on even if they try..",Entertainment
725,"automatic lights, I never have to mess with light switches again. (and save energy in the process).",Energy
726,"an app that rings when my vitamins are due, I don't miss them..",Health
727,"automatic floor warming, feet don't get cold.",Health
728,"an app that can sense my mood, I don't have to change songs, rather it plays songs according to my mood automatically.",Entertainment
729,"tiles that absorb the water in washrooms after shower, it is safe to walk in the washroom after taking shower and I don't have to dry it manually..",Safety
730,"tiles that can sense water, so that I can clean the water right away and no one slips..",Safety
731,"fingerprint scanner for front door, I don't need keys, and to keep burglars away..",Safety
732,"a refrigerator that tracks how long milk has been inside, I never have to drink sour milk again.",Health
733,"lights that starts fading out and then finally turn off if I fall asleep, energy is saved and they are not on till morning..",Energy
734,"a toilet that senses how much to flush and automatically does that, I touch the toilet less and save energy by appropriate flushing.",Energy
735,"automatic blind shut, I won't have to get up to shut blinds and people can't see inside.",Safety
736,"speakers throughout the house that sense which room I'm in and play in the appropriate room, I can have music wherever I go.",Entertainment
737,"carpets that can sense when my kid is about to fall, so that he/she doesn't fall on ground rather a carpet appears and he doesn't get hurt..",Safety
738,"temperature control in each room, unused rooms aren't wasting energy.",Energy
739,"solar panels to power the whole house, I can save more money on electrical bills.",Energy
740,"a door lock that can have temporary access codes added that I can share with others, I don't have to lend someone a spare key and the code will expire after a certain amount of time so I can revoke access.",Safety
741,"automatic sanitized door knobs and faucets, is one less way to get sick.",Health
742,"a refrigerator that lets you speak a grocery list and automatically transcribes the items and emails them, you never forget the little things at the store again.",Other
743,"an alert system, I can be reminded when my favorite shows are on..",Entertainment
744,"sensors, they know where I am in the home and can move music as I move..",Entertainment
745,"the lights to turn on when i enter and off when i leave a room, energy is not wasted.",Energy
746,"my smart home to identify party guests at the door before I open it, can welcome them in a personalized manner..",Entertainment
747,"my smart home to block off areas of my house from pet access at specific times of the day, I can sleep peacefully without my cats pawing at me.",Health
748,"my smart home to keep track of the quantity of specific ingredients I have, I may be alerted to potential shortages before making a dish.",Health
749,"my smart home to be able to order food items I commonly use when I am running short, I don't have to worry about running out of butter or flour or other pantry items.",Health
750,"my smart home to regularly track the weight of my animals with a scale hidden at the cat flap, I may be alerted to significant changes in my animal's weight, which could suggest health issues..",Health
751,"my smart home to verify the identify of my pets before letting them in, I don't have to worry about stray animals entering through the cat flap/door.",Safety
752,"my smart home to track what items I am removing from the pantry and fridge, I can be more informed of my current food intake.",Health
753,"a keyless entry system, I don't have to spend time fiddling with the keys to my home.",Safety
754,"the ability to track humidity levels in each room of my house, I can take preventative measures against mold growth in areas where mold risk is high.",Health
755,"my smart home to keep track of my guests favorite foods, I can be a better host by offering these foods again or similar ones.",Entertainment
756,"my smart home to monitor my utility usage and costs., That I can stay on budget for the month..",Energy
757,"my smart home to notify me immediately if I leave the house without turning off the oven or leave food in too long., I can stay safe and not waste money on burnt food..",Safety
758,"my smart home to have voice recognition features that allow me to voice active TVs and music., I can entertain my guests more easily..",Entertainment
759,"a smart home that notifies me if my pet sneaks out of the house., so that I can make sure they don't wander away and get lost..",Safety
760,"my smart home to notify me when food and water levels in my pets dishes are low., I can track how much my pets are eating and always make sure I don't leave them without food..",Health
761,"I want lights to come on automatically when I am in my backyard or on my deck., I can more easily enjoy these features of my home..",Other
762,"my smart home to track my energy usage by the specific environmental impact my different utilities have., I can more efficiently conserve my energy usage in the most beneficial way..",Energy
763,"my smart home to track different allergens in the air including part hair and dust particles., I can know better when I need to be mare careful about my allergies and those of my guests..",Health
764,"my smart home to track when different baby gates have been opened., no one accidentally leaves access to the stairs open for my child..",Safety
765,"my smart home to track how much in utilities each occupant uses., we can know how to divide costs of utilities more fairly..",Energy
766,"my kitchen table to tell what to cook for dinner based on my running schedule and what I have on the fridge, and then show me how to cook it, I can save time from going through my fridge and trawling the internet for recipes, thus saving me time..",Health
767,"my plants to tell me if they need watering, I will water them.",Health
768,"my thermostat to detect my body temperature and location in the room, it will heat or cool the room where I am and not the entire house.",Energy
769,"my bed to detect my sleep patterns, so that it knows when to wake me up based on the quality of my sleep.",Health
770,"my family portraits in the living room to be interactive, so that they tell me whether my kids have safely arrived at school or somewhere they should be.",Safety
771,"an orb lamp that glows the daily ups and downs of my portfolio, so that I can know in simplest visual terms the swings in my stocks, should I want to.",Entertainment
772,"my smart home to notify me via my smart phone and shows me his picture when he opens the front door, I know that he gets home safely from school..",Safety
773,"my tv to determine my mood based on my emails, text, social media postings and phone calls, and day of the month and other factors, so that it can recommend a mood-appropriate show for me.",Entertainment
774,"my pet feeder to let me know when the container is empty, I can refill..",Health
775,"my entire house to detect subtle hints of psychological abnormalities, whether depression or unknown genetic defects, that get express through small but still perceptible physical irregular movements, my primary care physician is alerted very early.",Health
776,"a smart home to send me a text via my smart phone when it is time to change ac and heater's filters, I can change them on a timely manner..",Other
777,"my house to archive where everything is located, so that it knows everything and tells me immediately when I want to know where I'd put my keys or a vacation polaroid I took in 1987 but last seen in 2005.",Entertainment
778,"my bread machine to start automatically and be ready in the morning, I can have bread for breakfast.",Other
779,"my thermostat to set itself to my ideal temperature when it detects my present, I can relax knowing the thermostat is not too high or low, and just right for my comfort..",Energy
780,"my robotic vacuum cleaner to start automatically twice a week, my house is not dusty.",Other
781,"my windows to detect sound waves, so that it will cancel them out with sound waves created by deforming itself.",Energy
782,"all devices in my office, that I need for work, to turn on at a specific time, I don't need to go through the process of turning everything on and off when I need to work..",Energy
783,"my swimming pool to clean itself on a periodic basis, it is always clean.",Health
784,"my lights and tvs to turn on automatically when I am not home, and it detects an intruder, the intruder will think that there is someone home, and it's not safe to break into my home..",Safety
785,"my bathtub to automatically fill, and set itself to hot temperature and add a bubble bath solution at the push of a button., when i am being romantic with my wife, we can head to the tub, without the need for interruption..",Entertainment
786,"a voice activated warning when the energy cost is more than certain amount, I can tell everyone to be careful with their use of energy.",Energy
787,"A lawn mower device to automatically cut my grass when it detects it is above a certain height, similar to a roomba vacuum robot., I can relax and focus on the things that are important, like cooking and eating with my family..",Energy
788,"my smart home to tell me when my car needs gasoline, I will not run out of gasoline.",Other
789,"an automated cleaning device to get my pool ready when it detects the temperature outside is becoming warm, and automatically test the Ph of the water and apply the necessary chemicals., When I come home from work, I can hop into the pool with my family without having to spend hours cleaning it before hand..",Energy
790,"my smart home to inform me when my favorite ice cream is almost gone, I buy more ice cream.",Other
791,"a refrigerator and freezer that automatically lets me know when food is about to expire and provides me recipes based on what I have in the fridge and freezer., I don't have to struggle trying to think about something I can make for dinner that is on hand, and worry about not having a certain ingredient..",Health
792,"a pantry and cabinets that keep track of my current stock of food, and let me know when I am running low and possibly even order some automatically through a service like amazon for me when I run out., I will always have the necessary pantry items for breakfast, lunch, and dinner, and have less to worry about when I head to the grocery store for fresh items..",Health
793,"a coffee machine that automatically knows how many people are in my house, and prepare the proper portion of coffee for those people, there is enough coffee for everyone right when we wake up in the morning..",Health
794,"my alarm system turns on and off automatically at preset times, I do not forget to turn on the alarm at night.",Safety
795,"An all in one device that is capable of washing, drying, and folding my clothes, I can worry about spending more time with my family, and having to worry about more things to do when I get home from work..",Energy
796,"My home to be able to monitor time spent per room in my home, I can better monitor my family and their activity habits so that I can form a more cohesive family..",Entertainment
797,"To be alerted when certain groceries are used, I can automate my shopping list.",Health
798,"My home to alert me to possible damage, I can keep up to date on repairs.",Safety
799,"To be able to access my home from away from home, I can keep tabs on what is happening.",Safety
800,"My home to alert me to changing environmental issues, I can keep my family safe.",Safety
801,"My home to alert me to dangerous situations in my surrounding area, I can keep my family safe..",Safety
802,"My home to start the self cleaning litter box for me, I don't have to keep tabs on my cat.",Health
803,"My kitchen to alert me when I leave an appliance on that shouldn't be, I can keep my home safe..",Safety
804,"My home to alert me to my favorite shows and DVR them for me when I am not home, I don't miss an episode.",Entertainment
805,"My home to monitor my energy usage, I can better use my energy..",Energy
806,"the ability to monitor my dog's water bowl, I know when it should be filled.",Health
807,"to have my plants watered regularly, they live for their maximum lifetime.",Entertainment
808,"lights to automatically turn off when I'm not present, I conserve energy efficiently.",Energy
809,"my television to turn on when my favorite sports team plays, I can watch them immediately when they start.",Entertainment
810,"to be alerted when my child starts crying, I can take care of my child more quickly.",Safety
811,"doors to shut automatically if I leave them open unattended, I can feel better about the cleanliness of my house.",Health
812,"coffee to be made every morning at 7 AM, I can leave on time.",Health
813,"my gutters to clean themselves when full, our gutters can be clean more.",Health
814,"my external doors to automatically lock after 30 seconds, I can feel safe in my home.",Safety
815,"my oven to clean itself periodically, I can use it more frequently.",Energy
817,"to be able to play around on softwares between screens around my house, I can work more efficiently.",Entertainment
818,"devices to help me prepare food quickly, i can save prep time.",Other
819,"a self cleaning litterbox, i don't have to clean it every day.",Other
821,"music that moves with me into the next room, i can enjoy music and still hear it well no matter what i am walking around doing.",Entertainment
822,"to be able to turn off my stoves, just in case I forgot to turn it off when I left home.",Safety
824,"a way to switch what i'm watching on one screen to move to another room, i can pick up where i left off on a movie/etc on another device.",Entertainment
826,"my kids activities to be monitor with the help of technology, I can find out his what is wrong with his habits.",Health
828,"my pool pump to automatically turn on for a set amount of time that I set, my pool stays clean and I don't waste energy by having the pump on for to long..",Other
829,"a digital way to view my wardrobe and select pieces to make an outfit and have them brought to me, i can pick an outfit more efficently without trying things on endlessly.",Other
830,"I want My bore well to indicate the water ground  level so that it can pump the water automatically when it is required, water saving.",Energy
832,"to open my garage door, I can save on time and energy.",Other
833,"my tv to turn on when my selected show are on, I won't miss my favorite shows.",Entertainment
834,"something that tracks what my body needs nutrition-wise throughout the day by monitoring me every morning, and can alert me when i might be getting sick, i can better take care of myself.",Health
836,"my walls to take the design, color, or pattern of my choosing at any time, selected from my smartphone., I can easily customize my home..",Other
837,"to check the purity and quality of my water i use for drinking, there wont be any health problems.",Health
838,"lights and electronics that sense when i've fallen asleep and adjust automatically, i can save energy.",Energy
839,"my coffee machine to turn on at 6:45 am, my coffee is ready when I get out of bed..",Health
840,"an alert to my phone when a package is left on my doorstep, I know to pick it up and will know if it goes missing..",Other
841,"to have wifi coffee machines, I can easily brew coffee with an app.",Other
842,"doors that open via sensor if my hands are full, i can carry large loads to other rooms more efficiently.",Safety
844,"my driveway lights to be turned on when sun goes down, when I get home it is safe pulling into my driveway..",Safety
845,"a device that can mix cocktails and allows me to choose what i want made, i can entertain better.",Entertainment
846,"my electricity should be monitored with the help of daily report to my mobile automatically, i can save energy.",Energy
847,"weekly meal plans to be automatically generated based on my nutritional needs and preferences (as well as those for my family,) and for a shopping list to be generated to obtain needed items, I can always know the best meals to prepare for myself and my family..",Health
849,"an alert when my dog is standing by back door, I know that I need to let them out..",Other
850,"to control temperature and spray of my shower, so that I can save on energy costs..",Energy
851,"A big tv in the attic that can move into whatever room I'm in, I could watch tv at any room.",Entertainment
852,"an inventory to be taken of my groceries and personal items, and a shopping list to be automatically sent to my smartphone., I always have the items I need, and know when I am running out..",Other
853,"my smart home to notify me whenver water is leaking from a faucet, I don't waste water and get a big bill..",Energy
854,"to monitor my pets health problem automatically with detecting device, i can save my pets life.",Safety
855,"my heated floors to turn on at 6:45 am, they are heated once I get out of my morning shower..",Other
856,"to be able to control the brightness of my rooms and turn off automatically when I leave the room, I can save on energy costs.",Energy
857,"a machine operated bed, I could move around while in bed.",Other
858,"to be alerted when someone enters my property, I can be aware of someone approaching..",Safety
859,"my mail to be automatically taken into the house, and sorted by relevance and type, I can ignore junk mail.",Other
860,"to be alerted when my energy usage appropaches an amount I set for the month, I can lower my bill..",Energy
861,"my kids internet and home works should be monitored with the help of my mobile phones, i can control them from work.",Entertainment
862,"A device to wash stove and tables, I wouldnt have to wash.",Energy
863,"surfaces to automatically detect and report sanitation levels in real time, I know what I really need to clean and when.",Health
864,"my smart home's showers to automatically adjust to my desired water temperature, I'm not wasting water or time trying to find it.",Entertainment
865,"a television playlist to automatically be generated from my streaming services, based on likes and recommendations, view a sequence of shows I enjoy, and will enjoy, without lifting a finger.",Entertainment
866,"projected figure to assist me with a click of a remote, i could get any help i need in any room.",Other
867,"a feature to locate commonly misplaced items, phones, glasses, wallets, keys, I can easily locate them.",Entertainment
868,"solar windows, I could save energy.",Energy
869,"to have high resolution and night vision camera for my baby, I know the second my baby is up and moving.",Safety
870,"an oven that automatically sets the temperature and cooking time, cooking can be optimized..",Other
871,"my smart home to have a phrase that my mother can say if she ever needs help, She can easily get assistance if she has a medical emergency.",Health
872,"to know how my kids are in their schools and how their classes are going on live, i know how they study.",Safety
873,"to be able to check in with my pets via video and voice, I can rest assured that they are okay throughout the day.",Safety
874,"smart locks, small children cannot get into cabinets.",Safety
875,"to be able to monitor carbon monoxide levels, it is safe inside the house.",Safety
876,"face recognizing software, the house would unlock when they see you.",Safety
877,"LED touchscreen displays, cooking can be optimized..",Other
878,"lights that automatically dim and shut off, after there is no movement in the room for a period of time, I can conserve energy.",Energy
879,"to play my favorite music wirelessly, I can enjoy without having to move.",Entertainment
880,"my daily purchase of home needs monitored and done automatically with the help of mobile application, i can save time.",Energy
881,"the chore board to be manageable by my smartphone, to send notifications to my children, and to lock them out from certain activities on their smartphones before the chores have been completed and verified by me, the kids do their chores.",Other
882,"house cookerchef, the house could make your own food for you..",Other
883,"gourmet recipe banks in the ovens, i never go hungry.",Other
884,"my smart home to alert my family when there is bad weather approaching, they can take the necessary steps to stay safe.",Safety
885,"to listen to the latest NFL scores, I am up to date..",Entertainment
886,"a thermostat that can be controlled from my smartphone, im never cold or hot.",Energy
887,"voice recognition software, so only I could ask for demands from the house.",Safety
888,"optimized lighting system, people think we are home.",Safety
889,"Handprint recognition on the front door, I wouldnt need keys in case the face recognition isnt working right.",Safety
890,"light bulbs that double down as speakers, i can listen to music in cool places.",Entertainment
891,"to have feedback on my brushing technique, I have healthy teeth.",Health
892,"fridge with a built in cooling system, food stays fresh longer.",Health
893,"a feature in the fridge that states when we are running low on items, i would know when to buy more.",Energy
894,"an alarm system that i can monitor anywhere, i can make sure everyone is safe.",Safety
895,"my walls to display concert footage, automatically adjust acoustics of the room for optimal sound, and display light effects, I can attend simulated concerts at home.",Entertainment
896,"to know the weather condition automatically to my mobile, i can know how should i travel to my office.",Safety
897,"motion sensors, i can track movement.",Other
898,"a virtual inventory of my closet, and daily suggestions for outfits from paid fashionistas online, I know what to wear every day.",Other
899,"store and control rain water and water all my plants with the help of technology, i save water and plants.",Energy
900,"a feature for dimmed lighting and soft music, I can relax and enjoy my downtime without much effort.",Entertainment
901,"monitoring software that detects nudity, drug use, and foul language and sends me live footage when it occurs, I know my children are safe and behaving.",Other
902,"televisions that are made into the house, without cords showing, there is less mess and less danger for children.",Safety
903,"a built in ""SIRI"" like assistant, i can easily organize all events, without having to keep up with a planner, and ask random questions to.",Entertainment
904,"to be able to lock and unlock my doors from any location, from my phone, i can easily let neighbors in if necessary, or the kids if they've forgotten their key without having to worry about someone finding a hidden spare.",Safety
905,"my pet's food and water automatically refilled while I'm away, I can travel without worrying that my pets are fed or thirsty.",Health
906,"My smart home to set reminders to start laundry and alerts when laundry is done., I do not forget to do the laundry in order to have fresh clothes..",Energy
907,"videos that monitor the inside of my home, I can view my teenage child's activities while I'm away on vacation or on business.",Safety
908,"To be Alerted with a sound when the garage is opened., I can know who is going in and out of the garage..",Safety
909,"my refrigerator and freezer temperature monitored, I don't have to worry about food contamination, spoilage or inadequate food storage.",Health
910,"to be alerted when pets leave the home throught the doggy door, I can know what my pets are up to..",Safety
911,"to be alerted when the doors leading into my home are opened while I'm away, I wouldn't have to worry about intruders when I travel and am away from my home.",Safety
912,"my smart home to notify me if the household's carbon footprint is getting too high, we can be more environmentally responsible.",Energy
913,"my smart home to automatically refill the pet's water and food bowl through an automated system, I know my pet will be taken care of in the event that no one is home or someone has forgotten to feed them...",Health
914,"the temperature automatically adjusted inside my home when there are external changes in temperature to compensate, I can be comfortable without having to adjust temperatures manually.",Other
915,"my smart home to shut off lights when I leave the room, I can save on my energy bill..",Energy
916,"I can remote activate anything even not in the kitchen, Energy.",Energy
917,"the door to record the time of day or night it is opened, I can know what time my teenager comes home without having to stay up for him or her.",Other
918,"my smart home to control water intake by alerting me when I go above my set use., I can save on the water bill and help the environment..",Energy
919,"The oven to talk with basic information, Cooking can be done properly..",Safety
920,"air purity controller, it detects pollution and sensors get active.",Health
921,"to know when my kids come home by alerting me., I know where my kids are..",Safety
922,"my elderly parent's vital signs monitored, for example heart rate, how long the person has been sitting, lying down or immobile, So that I can be alerted if something happened to them while I'm at work.",Health
923,"to be able to voice activate lights, television, radio in my home, I don't have to get up when I am in pain.",Health
924,"Room thermostat sensor,, The room is optimal temperature for an occupant ..",Energy
925,"my smart home to automatically turn on the sprinklers and water the lawn in conjuction with my mobile devices, I can set timers from anywhere and take care of my garden.",Energy
926,"my smart phone to come with an app that whenever someone rings the doorbell, I can see on my phone, tablet, computer a picture/video of who it is from anywhere in the house,, we can know who is at the door more securely and be ahead of any possible problems.",Safety
927,"to be alerted when I am running low on specific common food items either in my fridge or cupboards, I don't have to constantly update a grocery list but can rely on preprogrammed settings instead..",Health
928,"My smart home to capture a picture and alert me via a specific sound and a text message via mobile phone when a vehicle enters my driveway,, home and/or vehicle-related thefts can be minimized either when we are home or are not..",Safety
929,"to have logs of when someone steps onto my property via sensors., I know if someone is coming and going..",Safety
930,"the temperature in my home to be monitored inside and outside the home and compare it to temperature settings, I can monitor any deficiencies in insulation in my home and rectify them.",Energy
931,"Retina scan for front door, Nobody else can get in..",Safety
932,"my smart home to make reccomendations of the up to date (new) movies that I may enjoy and remind me of shows I have recorded on my dvr., I can keep up to date on my media..",Entertainment
933,"to lower and raise the volume on my TV verbally from any room in the house, I can save time and physical energy.",Entertainment
934,"my smart home to alert me when it is time for a meal., I can keep up with a consisting meal schedule..",Health
935,"my smart home to automatically close and open pre-specified window shades, and to turn on-off specific lights in and around my home automatically each night and each day,, I do not have to manually adjust these items each evening.",Other
937,"my smart home to alert me via a specific sound and a text message via mobile phone when a personal parcel package is delivered to my door, parcel package-related thefts can be minimized either when we are home or are not.",Safety
938,"Room thermostats, Protect the room temperature.",Energy
939,"regulate my bore well motor, Monitor the start and stop the motor running automatically.",Safety
940,"Smoke identifier, save the unwanted fire ..",Safety
941,"floor heating controller, Maintain the floor temperature and good for human life.",Health
942,"Switch on all electric goods during enter the room, Automatic all electric equipments.",Entertainment
943,"my smart home to automatically close and open pre-specified window shades, and to turn on-off specific lights in and around my home automatically each, easy open and close.",Safety
944,"Automatic fan regulation, when enter the room and sit down more than 5 min.",Health
945,"wall mount transmitter, Automatic  regulate the transmitter.",Entertainment
946,"daily syllabus to be studied with systematic alerts, easy to teach the students.",Other
947,"it to check each room and turn off lights if a person is not in the room, save the electricity.",Energy
948,"to regulate the motor, it is very useful for save the water and electricity.",Energy
949,"schedule the home work, very lot of work give importance and get low marks to get alert.",Safety
950,"To stop the burner, complete the cook then stop the burner automatically.",Energy
951,"increase the heart beat, to ensure the health fitness.",Health
952,"to regulate the pressure, easy to maintain the health problem.",Health
953,"to know the weather, when the rain come and light is high.",Safety
954,"I know when the shift work to me, easy to maintain the working purposed without failure.",Safety
955,"maintain the working hours arrange the good teacher for free students, increase the good result for the school.",Other
956,"my smart home to have all the photographs and voices of the people that I want to visit my home recorded and a special tone to be assigned to them when the doorbell rings,, that unwanted visitors can be avoided..",Safety
957,"my smart home to send an alert to my phone when my children cut any electronics on after 10 pm., energy can be saved and I can monitor their computer usage..",Energy
958,"all water temperatures to be pre-programmed and controlled by a voice sensor, the temperatures are safe for children to use..",Safety
959,"my smart home to alert me to when my child starts to exhibit signs of an asthma attack by flashing a red light with a human voice alert, I can be aware if I am in another room that my child is sick..",Health
960,"my smart home to control the volume after 10pm. by automatically turning it down low if it is too loud, my neighbors don't complain about the music playing too loud..",Entertainment
961,"my smart home to program the shower stall to cut the water off after 3 minutes in the shower, I can save energy and money by taking shorter showers..",Energy
962,"my smart home to preheat my oven and turn on my coffeemaker at 7:00 am, I can save time preparing food in the morning..",Other
963,"my smart home to automatically play the parents voice blended with soothing music when it is time for the baby to take a nap, the baby adheres to their napping schedule..",Health
964,"my smart home to sort through the trash at certain intervals and extract recyclables from the trash, all trash is separated and recycled..",Other
965,"a smart home that responds to my voice when I ask for weather and traffic updates by relaying the information through a human-like voice, I can automatically know how much time I have to get to work and what to wear..",Entertainment
966,"my cat's food bowl to automatically fill itself when empty or it is time to feed my cat and to seal when the cat is not eating, my cat's food does not go bad, and so it doesnt go hungry..",Other
967,"My shower to be cleaned with a device once per week., The shower stays nice and clean.",Health
968,"my house thermostat to decrease when I am sleeping, I save on heating bills.",Energy
969,"Dog food to be dispensed from a device into my dog's bowl at the same time every day., My dog will eat at the same time every day..",Other
970,"my house to notify me when someone is going to be entering my recording room, I don't ruin a recording track.",Entertainment
971,"Children's programming to be on the TV when my kids get home from school., They will watch shows I approved of..",Entertainment
972,"my house to set an alarm for me when I request it to, I am not late for things.",Health
973,"To be told I should go to bed and stop working., I can get up on time the next morning..",Health
974,"My home to notify me when it is time to water certian house plant, the plants don't die.",Other
975,"my smart home to alert me when there is difference in elder person's movements., so that i can know if they are not feeling well..",Health
976,"I wnt my favorite chair to be is massage mode when I get home., So that I can relax when I get home..",Health
977,"My house to turn off christmas decorations at night when I do to sleep, I dont have a fire, or waste energy.",Safety
978,"The shades opened in the morning, I can see the sunlight when it is time to wake up..",Health
979,"to be notified when friends log on to the network, I can log on to play with them.",Entertainment
980,"the gate to be opened when an vehicle is coming, It will be easy to park the vehicle.",Energy
981,"The crock pot to turn on at a certain time of the day, When I get home the food I put in the crock pot will be done..",Other
982,"reminders of what I have to do that day every morning when I get up, I dont forget something important.",Other
983,"a reminder to take my medicine when I lay down in my bed to sleep, I can continue being healthy.",Health
984,"my smart home to notify me when it detects gas leakage, a disaster can be avoided.",Safety
985,"I want the lights to automatically turn off each time I leave a room, I will save energy by not having uneeded lights on.",Energy
986,"my house to tell me when a load is done, thy don't sit in the machine and get gross.",Health
988,"auto cleaner, cleanniness and good health.",Health
989,"my car to be started when I say ""Start Car"", when I go into the garage my car is already running..",Other
990,"temperature sensors to control the heat of the hob or oven, it cut off the power if the heat reaches the safety limit.",Energy
991,"I want my home to play soothing music while evening time, i can relax.",Entertainment
992,"Auto humidifier when necessary, healthy level of humidity is in the air.",Health
993,"my smart home to alert me when i have low or high amount of sleep., i can maintain a good sleep.",Health
994,"turn off lights when nobody is in the room during the daytime only, saves money.",Energy
995,"I want to check whether i have closed all the taps, prevent water loss.",Energy
996,"alert me when something usual happened like fire,smoke, prevent from bad things that might happen.",Safety
997,"an emergency alarm which send messages to pre selected numbers, i can alert others something is wrong..",Safety
998,"monitor when the baby is waking up from sleep, turn my concentration towards by baby.",Safety
999,"automatic lighting system which turns on light after getting dark, i don't need to worry about switching on and off lights when i am out of home..",Energy
1000,"an feature to alert me when i spend too much time on social networks, i can get back to my work.",Entertainment
1001,"automatically turn off gas during earthquake or fire, remain safe during natural disaster.",Safety
1002,"alert me when i need to service my fridge, washing machine, so that i can do that in time.",Safety
1003,"my new e-mails to be listed and read out to me when I wake up in the morning, I don't have to grope for my cell phone to check my e-mails every day when I wake up..",Other
1004,"hallway motion detectors, so that safety is increased.",Safety
1005,"my smart home to alert me when i spend too much time watching televisions., i can get back to my work.",Energy
1006,"my windows to automatically close when it rains, I don't get the things in my room wet..",Other
1007,"my smart home to turn on Air conditioner when the temperature is high and can sense human presence in the room, i can maintain good  room temperture.",Energy
1008,"to be notified whenever the cat is sitting in the bath tub, so I can turn on the tap for him., so I can turn on the tap for him..",Other
1009,"to be notified whenever I get new mail, I don't have to spend time checking the mailbox if there is no new mail..",Other
1010,"suggestions and recipes of what I can make for a meal with whatever ingredients I have in the fridge, I will be able to make full use of my groceries..",Other
1011,"nice instrumental music to get turned on in the bathroom whenever I enter it, I can enjoy music while in the bathroom taking a shower..",Entertainment
1012,"to be notified whenever my cat uses the cat litter, I can clean it immediately and my cat can enjoy clean cat litter..",Other
1013,"to be notified when the stovetop is on for an inordinate amount of time, my food doesn't burn or set the house on fire..",Safety
1014,"to be reminded before I leave the house if I have left food and water for the cat, the cat can have water to drink and food to eat when I am out..",Other
1015,"to be notified when the level of cat litter has run low, I can add more cat litter to ensure that my cat has enough to do his business..",Other
1016,"I want the lights turned off after 6 am if nobody is at home, none will know that nobody is not at home..",Safety
1017,"the unnessary taps to turn off, I can save water..",Energy
1018,"the motor to switch off when the tank is full, I can save the bill..",Energy
1019,"the lights to turn on at 6 if nobody is at home, people will think that we are at home..",Safety
1020,"i want the windows to lock, no flies come in.",Health
1021,"I want to get alert calls when the gas is going to finish, I can get a new one..",Safety
1022,"the house to get cleaned when we are outdoors, my house remains clean.",Health
1023,"the windows to remain dust free, we remain healthy.",Health
1024,"I want my vehicles to get auto locked at night, it remains safe..",Safety
1025,"to get alars when the nearby shop is going to get closed, I do not run short of things..",Health
1026,"to lock the cartoon channels after 1 hour, my kids do not waste time..",Entertainment
1027,"I want to get alert calls when my kids reach home, I can remain calm..",Safety
1028,"the temperature in my house to become more energy efficient when I leave but raise again when I come back, energy and money can be saved without it being inconvenient.",Energy
1029,"my window blinds to automatically block out the sun, I don't have to walk around pulling their strings.",Energy
1030,"a feature that detects when the room could use a boost of aromatherapy, I can enjoy the pleasant smells and relax.",Health
1031,"lights that dim as well as change color, my eyes are not bothered by bright lights and my vision is not impaired by strong white light at night.",Health
1032,"a system set up through the house that notifies me when items are cooked or other kitchen-related messages, I don't have to stay in the kitchen at all times or get confused when multiple timers are set at once.",Entertainment
1033,"a way to view a live stream of my pet when I am out of the house, I can make sure my pet is all right.",Safety
1034,"Floor Detection Vaccum, It will indicate when the floor is at a level of dirtiness  so that it can keep the floor clean.",Health
1035,"to be able to control adding more food or water to my pet's dishes remotely, my pet won't run out of food or water while I'm gone.",Safety
1036,"my trash cans and recycling bin automatically returned to my garage after trash pickup, no one is aware that I am not home because of my empty trash receptacles on the curb.",Safety
1037,"a self-loading dishwasher, I can save time when its mealtime.",Health
1038,"A smart dirty clothes hamper that takes clothes and sorts then and washes at a specified time, I can save time on doing laundry.",Health
1039,"a waterproof screen in the kitchen that can look up recipes and play cooking instructional videos without me having to touch it, I can receive help cooking without destroying my laptop or other device with messy hands.",Entertainment
1040,"a sensor that detects a person lying on the floor for more than one minute, I can know that my elderly parent has fallen and needs assistance.",Health
1041,"self scrubbing carpets, I never have to pay for a deep cleaner when i move.",Health
1042,"TV's with netflix in the bathrooms, i can relax at night once my son is in bed.",Entertainment
1043,"Bed that makes itself, I can save time on making the bed.",Other
1044,"Solar panels, I can save on electricity and reduce my carbon imprint.",Energy
1045,"to be alerted whenever my favorite celebrities have a show or movie on tv, I do not miss an airing of my favorite actors and actresses.",Entertainment
1046,"smart smoke and carbon monoxide monitor that is more interactive than a simple alarm that's confusing and frustrating, I can be assured I'm safe and don't have to mess to antiquated devices.",Safety
1047,"automatic baby gates, my son can't escape his room when I have to do things like use the restroom, cook.",Safety
1048,"a shower head that washes my hair for me, I can bathe while it washes my hair for me.",Health
1049,"floors and counters that sanitize themselves, I don't have to worry about spreading germs constantly.",Health
1050,"a ""smart fridge"", I can know what I need to buy from the grocery store, and get a list emailed to me.",Other
1051,"laser lights and toy balls to appear at random intervals, my cats and dogs are entertained when I am away from home.",Entertainment
1052,"to be alerted when my child leaves his or her bed at night, I know what my child is up to when he or she is supposed to be sleeping.",Safety
1053,"Timed ""orange lights"", when a certain time of day hits, all of the applicances with screens turn an orange hue, getting rid of the blue light that keeps human brains active at night and inhibits melatonin production.",Health
1054,"a device that reads any book/notes I hover it over, I can study while doing other things.",Other
1055,"self sanitizing bathrooms, my family gets sick less often.",Health
1056,"a list compiled of my energy usage per hour and what appliance is using what amount of energy, I can monitor my energy usage and cut back on areas where I am using too much energy.",Energy
1057,"A motion sensor on all doors, I know which room my son is in at all times ( hes 8 months old, i'm not a helicopter :P ).",Safety
1058,"my smoke alarms to regularly test themselves and report the results to me, I will always be assured that my smoke alarms are working in case of fire.",Safety
1059,"""smart"" dinner system, I can easily track and find my familys favorite meals, and get a list of things i need for them vs what I already have in my smart fridge.",Health
1060,"my house to test itself for radon levels twice a year, radon levels are always kept below the minimum and I am alerted if I need to install fans or circulators.",Health
1061,"""Live"" wallpaper, I can customize my homes wallpaper (probably via a projector or hologram) to fit my moods, and the situation ( entertaining, ect).",Other
1062,"Automatic lights that turn off whenever I leave the room, I can save on electricity bills.",Energy
1063,"to be alerted if there is no activity at my neighbor's house for a set extended period of time, I can inquire after the wellbeing of my neighbors if they have not been active after an extended period.",Safety
1064,"be alerted when my piano needs tuning or is slightly out of tune, I can keep my piano well tuned.",Entertainment
1065,"Restock-able Toilet  Paper, I wont have to take the toilet paper off of the roll and replace after its done.",Other
1066,"Automatic Garbage that detects when it is full and Empties itself to the curb, I can save the energy used to have to take of the garbage.",Health
1067,"Washing Machine that automatically dispenses Detergent based on the size of the load, save time.",Health
1068,"pipes and wiring that can alert me when there is a leak or a potential issue, I can know if there is a problem in my house.",Safety
1069,"the bed itself to track sleep patterns and give suggestions, I can achieve a better night sleep and don't have to worry about wearing devices.",Health
1070,"An Ac unit to turn off when it reaches a certain temperature., I will use less energy.",Energy
1071,"light bulbs that can be triggered to slowly dim over a period of about half an hour to simulate the sun going down, I can more easily fall asleep and be rested.",Health
1072,"voice automated phone, I can speak on the phone and make calls from anywhere in my home.",Entertainment
1073,"""piggy"" bank that tracks the money added and responds with congratulations and other comments, I can be encouraged to save.",Health
1074,"my home to let me know when dust particulates are high, don't go into anaphalaxis.",Health
1075,"to have the air turned on when I walk in the house, I don't waste AC when I'm not there, but I have cold air when I'm in the house..",Energy
1076,"a sophisticated shower that controls temperature, light, water pressure, etc. and responds to voice commands, the shower can be the most relaxing part of the day.",Entertainment
1077,"my security camera to let me know when there is a large infrared signal during the night so I would know there is a robber, I don't get robbed.",Safety
1078,"want my sprinklers to turn off after 3 minutes, so that i will use less water.",Energy
1079,"water boiled for pasta whenever I say ""boil pasta"", I can cook faster.",Health
1080,"be able to call 911 with my voice, I can quickly call during an emergency.",Safety
1081,"my internet to filter adult sites., my children will not see them.",Safety
1082,"a certain type of music played when I express my mood, I quickly get my music without thinking..",Entertainment
1083,"have the lights turn off automatically if it senses no motion, I can save money.",Energy
1084,"a smart washer and dryer combination machine that keeps the clothes fresh until I take them out, I don't have to remove them right away or let them get wrinkled again.",Energy
1085,"my lights bulbs to turn off after 5 minutes, i use less energy.",Energy
1086,"have my home alert me to energy problems such as drafts or cold air flows during winter, I can save money.",Energy
1087,"A ding when someone walks by my driveway., I know who approaches my house.",Safety
1088,"a refrigerator that can catalog the items inside and alert me how long they've been in there and if they should be eaten soon, I don't waste food and can also make the most of what I have.",Health
1089,"my house to alert me to mold inside my walls, fix it before expensive repairs are necessary.",Health
1090,"my television to turn off every 2 hours, i use less energy.",Energy
1091,"my home to suggest movies out loud based on the time of year, I don't have to think about what movies to watch.",Entertainment
1092,"the tv channel to change with my voice, I can have entertainment more quickly.",Entertainment
1093,"low-level lighting in the floors and potentially the walls that only turns on as I'm walking through that area at night, I can avoid crashing into things as well as ruining my sleep by turning bright lights on.",Safety
1094,"the doggie door to open at certain times of the day,, the dogs are able to go outside and get fresh air and go to the bathroom..",Health
1095,"my scale to connect to my ipad, I can track weightloss.",Health
1096,"to get an alarm if I accidentally leave my fridge open, the fridge won't burn out.",Energy
1097,"my smoke alarms would beep when the battery gets low., my family is safe from fires..",Safety
1098,"a smart weather device that suggests certain times that would be best for certain activies, I don't have to wade through every day's weather and try to determine which percentages or precipitation on which days make outings possible..",Entertainment
1099,"my home to be able to tell me where my electronic devices such as my phone or tv remotes are even when they are powered off, i can save time not searching for lost things.",Other
1100,"my smart home to react to my voice and play a movie that I request,, I can enjoy any movie that I want at the moment..",Entertainment
1101,"my doors to lock automatically., my family is safe.",Safety
1102,"to hear an alarm if I did not exercise that day, I will be encouraged to exercise.",Health
1103,"my fridge to alert me when I am low on milk and cereal, my kids will have food.",Health
1104,"a device that analyses the air and lets me know when its not clean, I always have clean air.",Safety
1105,"my smart home to react to my voice and DVR a show or shows that I specify,, I do not miss any episodes of my favorite show..",Entertainment
1106,"a carbon monoxide and smoke monitor that has a display and smart features, I don't have to deal with old smoke detectors and monitors that I'm not even sure are working properly.",Safety
1107,"an alarm to ring when a gun thats not mine enters the home, I know if someone tries to rob me.",Safety
1108,"home to wake me up for work, i can be on time.",Other
1109,"my smart home to alert the police if someone is trying to break in,, my home and valubles are protected..",Safety
1110,"my smart home to alert the fire department if a fire is detected,, my home and valubles don't burn down..",Safety
1111,"my smart home to detect our foods are 100% organic, I can ensure our family health.",Health
1112,"my heater to turn on when the temperature gets too low, so that my family will stay warm.",Energy
1113,"a warning to let me know if I'm low on liquor, I never run out.",Entertainment
1114,"my outside lights to turn on at night, intruders stay away.",Safety
1115,"My smart home to detect either virus or bacteria's presence in home, I can ensure our family health.",Health
1116,"my smart house to alert me when I am about to run out of a grocery item,, I will always have what I need..",Health
1117,"my smart house to put the shutters down when a storm is coming,, my house is protected..",Safety
1118,"My smart home to calculate Our walking step inside home individual, so that it will motivate to stay as fit.",Health
1119,"My home to detect weapons or harmful materials who is inside the home, we can ensure our safety.",Safety
1120,"my smart home to alert me when I have been inactive for too long,, I can stay healthy..",Health
1121,"My home to calculate calorie intake and burn in possible ways with smartphone, we can ensure our health and fitness.",Health
1122,"my smart home to remind to exercise and track my progress,, I can get in shape and stay healthy..",Health
1123,"My smart home have to manage energy consumption sensors like if there is no person at particular space then all equipment should go to sleep mode, we can save energy.",Energy
1124,"my smart home to activate the Roomba at certain times of the day,, my home stays clean..",Health
1125,"My smart home to track my previous music and interest suggest new arrivals which is slimier to my interest, I can enjoy it.",Entertainment
1126,"My home to detect carbon emission from my refrigerator,mobile radiation level,or there is any other radioactive particle inside home which is more than normal suggested level, we can ensure our health and safety.",Health
1127,"My home to track small kids activity and alarm us when they fall down something like that, take care of them.",Safety
1128,"My smart home to track time based activity and prepare regarding for that.For example for three days after walking up if i turn on water heater fourth day it should turn on when I wake up like that, I can improve life quality.",Other
1129,"to be alerted when an exterior door opens, I can be aware when one of my children exits the home..",Safety
1130,"an alarm to sound if a TV is still powered on after leaving the house, we can conserve energy..",Energy
1131,"an alarm to sound if the garage door is left open after a car enters/exits, we can keep home safe.",Safety
1132,"relaxing music to play at night, my children can go to sleep easier.",Entertainment
1133,"an alarm when someone comes into our driveway, we can be aware when someone is at our home.",Safety
1134,"notification when dogs are sitting at door waiting to go outside, accidents are reduced because I can let them out when they need to go..",Health
1135,"notification when water collecting in basement, I can be aware of flooding.",Safety
1136,"lights to gradually come on in the morning, I can awaken to natural light.",Health
1137,"an alarm when toilet is close to overflowing, I can turn off water before overflow.",Health
1138,"alarm when computers are connected after bedtime, kids dont sneak on after bedtime.",Entertainment
1139,"all appliances to turn off when people leave the room, the house wont burn down to the ground.",Safety
1140,"carbon dioxide detector, we wont die in our sleep or wont get harmed.",Health
1141,"auto shut down feature for everything when we leave the home, we save  money on energy.",Energy
1142,"the main living room tv to turn on at specific times when i get home, so that i can relax after work.",Entertainment
1143,"auto turn off feature for stove if left on too long, that the house does not burn down.",Safety
1144,"an auto food fill for the dogs, incase i forgot so they get optimal health.",Other
1145,"A bill reminder, that i can pay my bills on time.",Other
1146,"an auto feature that will remind me to change water sofner, so that we dont ever go without warm water.",Safety
1147,"my phone to tell me when someones within yards of my front door, that i know when people show up.",Safety
1148,"alert me when I am about to run out of medication, so that i am up to date.",Safety
1149,"to be notified when my dog makes a mess, so it can be cleaned quickly..",Health
1150,"a timer on all electronics, I can limit time spent on gadgets and tv watching..",Entertainment
1151,"a freezer that adjusts temperature based on room temperature, it can sometimes work less to save more energy if the room temp is cooler at times..",Energy
1152,"automatic soap dispensers that alert you when someone uses the sink but forgets soap, it can remind you and keep you cleaner.",Health
1153,"plants that water themselves with a gadget when they detect water is needed, I can not worry about killing the plant by forgetting to water it..",Entertainment
1154,"an alarm to alert me when my dog's bowl needs cleaning, I don't forget to disinfect it now and then..",Health
1155,"lightly heated windows, they do not become frosty and hard to see through in the winter.",Other
1156,"my smart home to start laundry after it senses a full load of clothes., I can save time and manage my water use efficiently..",Energy
1157,"automatic dehumidifier systems in all rooms, excess moisture is removed from the air without requiring extra appliances..",Health
1158,"light sensors that turn off after 3 minutes of not detecting someone in the room, it can save energy and money.",Energy
1159,"alarm systems on doors to alert me if a door is unlocked after 9pm so it can remind me to lock it, I feel safe and burglars do not have an easy way in based on my mistake..",Safety
1160,"my smart home to use facial regongnition when unidentified people are on my property,, my family is safe and they can be properly identified..",Safety
1161,"my smart home to be able to control all devices with one remote/phone,, I save time and no longer have to look for a lost remote..",Entertainment
1162,"my smart home to be able to adjust lighting in my home no matter where I am,, I can save money and energy..",Energy
1163,"my smart home to be able to vacuum the carpets when noticing debris., I can keep my home clean and tidy..",Other
1164,"my smart home to water my indoor plants when they become dry,, my plants do not die, and I save a little bit of time..",Other
1165,"my smart home to be able to contact me from an intercom on my cell phone when I am not home,, I can keep in touch with my family when I am away..",Entertainment
1166,"my smart home to adjust my blinds when it gets light or dark,, I do not have to do it, or waste energy when its light out..",Energy
1167,"my smart home to heat the oven, I can throw dinner in on my way home..",Health
1168,"my smart home to run a bath tub at optimal temperature, it is ready for me after a hard day of work..",Other
1169,"voice-activated cooking system, I can do multiple things quickly and efficiently.",Health
1170,"voice activated light switch, I dont have to get up to do it.",Entertainment
1171,"a sound system for every room, everyone can listen to music.",Entertainment
1172,"a household alarm clock, we can all wake up at the appropriate time.",Health
1173,"a solar panel, energy is saved.",Energy
1174,"a burglar alarm system, we can be alerted if robbed.",Safety
1175,"cameras in my child's room, they can be safely monitored.",Safety
1176,"a fitness center, my family can be healthy from home.",Health
1177,"a self cleaning house, everything stays neat and clean.",Health
1178,"an automatic temperature regulator, the house can be the perfect temperature at all times.",Health
1179,"my oven to be preheated when I get home, dinner will be ready 10 minutes earlier.",Health
1180,"my smart home to know when it has rained the last few days and not run my sprinklers, I don't waste water.",Energy
1181,"my furnace to change filters automatically (have a storage of 6 in it and rotates through those every month), the furnace filter gets changed.",Health
1182,"my house to integrate to my phone and tell me when I need to service or repair something, repairs don't get more costly or do damage.",Safety
1183,"music everywhere in the house where guests are, guests can enjoy the music at a party.",Entertainment
1184,"a notification when water level is low on my hot tub, I can fill it up before it turns off.",Safety
1185,"notification when running low on certain food items, I never run out of things like mile.",Health
1186,"my coffee maker to automatically perpare itself for the next mornign with water and coffee, coffee is always reading in the mornign.",Health
1187,"the dog to be fed on time every day automatically, the dog stays on schedule.",Other
1188,"the door to automatically open if the dog is at the door, The dog can be let in automatically.",Other
1189,"an alarm when the fridge door is left open for a long period of time,, the food does not spoil..",Energy
1190,"my outside home video cameras to turn on when the motion light is activated, I can capture whatever is making the lights turn on..",Safety
1191,"my car to send an alert to my smartphone if I forget to lock it, I will prevent breakins..",Safety
1192,"a nightlight that I can turn off with my smartphone after my child is asleep, I don't wake them up and it does not stay on all night..",Energy
1193,"a TV that turns on at a specific time, to a specific channel, at a specific volume, I wake up watching exactly what I want..",Entertainment
1194,"a coffee maker that I can start from my smartphone, I can get my coffee started without getting out of bed..",Entertainment
1195,"Voice Recognition at all doors, programmable for multiple users. If dog barks are different enough, if the software exists to tell them apart, I'd program it so my dog could get in & out to the back yard when nobody's home., Family and trusted friends can enter without needing to use keys.  (Yes, I know this directly takes off one of your examples, but retina scans are 1) invasive, 2) fakeable, with the printed contacts available these days. Voice recognition, with proper software? Not so much.).",Safety
1196,"a feature to alert me when the fence gate has been opened, I know that the children and pets are still in the yard..",Safety
1197,"an alert on my TV when I receive an email from my boss, I can be as responsive as possible..",Other
1198,"a garage door that will shut itself if it is open after a specified time, people cannot enter the garage because I forgot to close it..",Safety
1199,"a way to remotely enable and disable electronic devices for my children to use, I can tightly control their use even when we are not together..",Entertainment
1200,"Full interactive voice recognition throughout the home (think SARAH from Eureka) and linked to my phone, all other features can be controlled by voice command whether I am at home or away..",Other
1201,"Carpet that absorbs and self-cleans spills and crumbs after a set time, and tile/hardwood floors (kitchen, bath, basement, etc) that self-clean at night (a variable static charge to move loose particles to a garbage recepticle, & targeted stain removal)., I don't have to vacuum, steam the rug, sweep, or mop..",Other
1202,"Fully automated laundry system. Hampers in each bedroom which move clothing to a sorting area via conduits inside the walls. Must be able to sort by color, fabric type, washing instructions. Once a full load is available, it moves automatically to the washer, which senses the clothing and applies the correct settings automatically. When clean, clothing moves automatically to the dryer, again sensing and applying appropriate settings. Folding still seems like something that needs a human touch to me, but the system could be programmed to identify which clothing belongs to each family member and sort accordingly so that only folding and putting away remains for human hands. System could also be optimized to get clothes clean with a minimal use of water and laundry soap., I don't have to do laundry. I seriously hate laundry. Also conserves water and energy and eliminates wastage on laundry soap..",Energy
1203,"Facial recognition/other identifier on the INSIDE of doors, children (preprogrammed individuals) can't open the door without an adult present (unless it's the police!).",Safety
1204,"Integrated refrigerator, freezer, deep freezer, kitchen cupboards, and pantry storage, which sense and recognize contents, usage, and automatically generate a shopping list at programmed intervals or on demand. Programmable up to a month in advance with menu ideas, recipes, etc, and includes needed ingredients in the shopping list., meal planning and grocery shopping can be more streamlined.",Other
1205,"Voice-interaction software on stove, oven, and food processors, so that I can automate baking/cooking times, set alerts to turn/check/take out/etc. System should recognize various states of ""done-ness"" and automatically shut off/open to prevent overcooking., I can streamline my baking/cooking, both for sale and family..",Other
1206,"Software integrated through the refrigerator, all cooking appliances, any and all exercise equipment, and my bike & Fitbit, to fully track all calories consumed, burned, muscle development, hydration, and other factors relating to health and weight loss. Reminders to take daily vitamins & supplements., My house can help me lose weight and improve my strength and stamina.",Health
1207,"Adaptable sound insulation around my music room, but the room doesn't sound ""dead"" like you get with traditional sound insulation., so that I can play my instruments and sing at any time without waking family,.",Entertainment
1208,"On demand fully interactive and learning medical information, sensors to recognize and alert to fevers, injury, infection, other abnormalities in all family members. Ability to contact doctors' offices through the house system, have the house send the report of a person's condition, and the doctor can then either prescribe needed medication, or talk to me to set an appointment., if my paramedic husband is not home, I have better information on hand to decide if my child needs to go to the ER at 3am..",Health
1209,"to be alerted when my freezer malfunctions, I will not have any spoiled meat.",Energy
1210,"to be alerted when the cabinet locks on my cabinet doors are broken or opened, I know my child is safe.",Safety
1211,"to be alerted when I have a malfunction in any of my appliances, I can alert my landlord as soon as possible.",Other
1212,"to be alerted when my computer has been breached when I am not around it, I can keep my information safe.",Entertainment
1213,"my thermostats to automatically know when I want the home cooler or warmer, I am always comfortable.",Other
1214,"my stove to automatically start up when I push a button and heat water I have set on the stove, I can do other things while my water is boiling.",Health
1215,"automatic window cleaners, I do not need to spend hours cleaning them.",Other
1216,"a shower that tells me when I have over exceeded the time limit of five minutes (or whatever I set), I can conserve water.",Energy
1217,"gas detectors, any appliance using gas turns off if there is a leak.",Safety
1218,"a smart garage, I can open my garage doors more quickly before being all the way home.",Other
1219,"my water in the shower to shut off after 10 minutes, I can conserve water.",Energy
1220,"an alarm to go off if my child gets within 5 feet of the pool, my child will not fall in when playing outside unattended.",Safety
1221,"a self cleaning toilet, I don't have to clean the toilet.",Other
1222,"my house to turn off interior Christmas lights when I leave the house, I can save energy.",Energy
1223,"to be able to project an image from my tv screen onto the wall, I can feel like I'm at the movies.",Entertainment
1224,"to lock/unlock my door by fingerprint touchscreen, I don't get locked out of the house and it is harder to break in.",Safety
1225,"an alarm to go off when my dog stands by the door for more than 5 seconds, I can avoid accidents.",Other
1226,"my baby's room to play soothing music whenever it starts crying, the baby will calm down.",Other
1227,"to be able to control a dividing wall in large living spaces, if I'm doing one thing and the rest of the family is doing something else I won't bother them.",Other
1228,"my house to detect if there is mold in the walls, the mold does not damage the house or my family's health.",Health
1231,"it control my computer, mkae things easier.",Other
1233,"dog collar control, easier for me to control dogs..",Entertainment
1236,"to control sprinklers, wont get wet.",Safety
1237,"to have electrical outlets completely turn off when not in use, children won't get shocked by them if they stick something in them.",Safety
1238,"A hand scanner that will unlock my door., No one can get it but me..",Safety
1239,"remind about homework, so i dont forget.",Entertainment
1240,"set temp just right, good bath.",Health
1241,"My smart house to detect any music on my phone and play it accordingly., My guests can be entertained.",Entertainment
1242,"remind to play games, help with work.",Other
1243,"set oven for specific food, good food.",Health
1244,"coffee right temp, good coffee.",Safety
1245,"answer phone, use hands less.",Other
1246,"My security cameras to be in sync with any movement outside and to beep to alert me., I know if there is anything on my property..",Safety
1247,"Solar pannels that are controlled by my network within the house., They can tilt remotely to get the best angle for the sun to charge my batteries..",Other
1248,"the litter box to self clean every other day, I don't have to clean it myself.",Health
1249,"They doors and windows to automatically lock at certain times., The house will be secure..",Safety
1250,"the thermostat to regulate temperature independently based on if people are in the house or not, it would save energy and keep people comfortable.",Energy
1251,"coffee pot turned on at 5am, I get hot coffee before I get up.",Health
1252,"my kitchen to prepare a meal for me by itself, I can eat healthy, on time without any preparation.",Health
1253,"the house blinds to open and close based on certain times of the day, I can save on energy bills.",Energy
1255,"My smart home fully secured, we can get notification if thief in home.",Safety
1256,"shower turned on and set at warm temperature, I can get a warm shower.",Health
1257,"a smart maid that cleans up after messes that are made, I don't have to do my own cleaning and messes that I'm not even aware of are taken care of..",Safety
1259,"To speak to a women's voice that controls every aspect of my house and network, I look awesome to any guests that might be arriving..",Entertainment
1260,"cabinets to lock and unlock based on a hand print or thumbprint, baby locks wouldn't be necessary.",Safety
1261,"floor heater turned on, the floor can warm my feet.",Energy
1262,"the hot water to regulate based on which person is taking a shower, it would save on energy bills.",Energy
1263,"Parent Control for childrens, its prevent from bad behaviors.",Health
1264,"my home to let my pet outside into the backyard at certain intervals during the day, so my pet can exercise and play when I'm not home and I don't have to have an unsightly dog door.",Entertainment
1265,"automatic room sweeper turned on, it can pick up all the pet hair in the room.",Health
1266,"the tap water to be automatically tested every day and add or remove anything that would make it more healthy, I can drink healthy water.",Health
1267,"Proper shutdown my personal computer, Secure my personal computer.",Safety
1268,"my home to arm the alarm itself every night at a certain time, I can go to sleep knowing that my home/family is protected while we're sleeping.",Safety
1269,"the window curtains to automatically close, the sunlight stays out and the heat stays in.",Energy
1270,"the doors to automatically lock after a certain time of not opening or closing the doors, I can keep safe from outside and keep children inside.",Safety
1271,"the automatic washer to start, the clothes can get washed right away.",Energy
1272,"solar system, it gives more money savings.",Energy
1273,"small alarms around windows and doors to sound when outside wind or drafts enter specific places, I can keep heat and cooled air in the house and safe on energy bills.",Energy
1274,"the automatic wall heating to turn on, the room can warm up.",Energy
1275,"my home to sync with my fitbit in order to prepare a meal/drink and adjust room temperatures, when I return from a run/exersize I will have a healthy meal ready and i'll be comfortable..",Health
1276,"my smart home to call my cell phone when my child enters the home, so that I know he is really home and of course, that he is safe..",Safety
1277,"My toilets to be on my network with warmers in them, and to recognize my bathroom pattern of use., My butt will be nice and warm sitting on the toilet..",Other
1278,"daily news on my mobile, Getting news immediately.",Entertainment
1279,"soothing music to start playing if a child walks up in the middle of the night, parents wouldn't have to wake up every time a child wakes up.",Entertainment
1280,"water notification, it will notified the water level in tank.",Safety
1281,"the iPod to play Slayer's ""South of Heaven"", I can listen to it while I work.",Entertainment
1282,"my shower to start on its own in the morning, I can jump in and save time while getting ready for work.",Health
1283,"My tv to be hidden behind a wall that reacts to my voice only., The wall will open and my huge TV will slide out when needed with game consoles etc..",Entertainment
1284,"my refrigerator to take inventory of my groceries, when I'm out shopping I know what I need to get.",Other
1285,"smart home to check for movement in my home prior to my entering, I know that no one is waiting for me on the inside of the home..",Safety
1286,"Generators that run automatically., When the power drops they come on ASAP..",Energy
1287,"the front door to unlock and open, my guest can enter the home.",Entertainment
1288,"alarm, wake up alarm to get up for reading.",Health
1289,"my closet to take inventory of clothing I have, when I go shopping I can try and find clothes to match items I already have.",Other
1290,"the gutters self-cleaning to turn on, I don't have to clean the gutters.",Other
1291,"Wifi connection, we can use internet entire home.",Entertainment
1292,"My car to know when i'm ready to go before i get there from my house network, I can hop in and ride with car warmed up and cool..",Other
1293,"room temperatures to be dynamic and adjust according to personal options, everyone is comfortable in every room at any given moment.",Other
1294,"my smart home to turn to begin gradually turning on the bedroom light at 5:20 AM each morning and be completely on by 5:30 AM, I can wake up slowly and not be startled by an alarm..",Energy
1295,"my home to monitor clothes and bed sheets from the last time they were laundered, I can make sure my clothes and bed sheets are always clean.",Other
1296,"Bluetooth home appliance automation, will control the appliance.",Safety
1297,"my home to monitor my body and it's functions and test excretions for possible ailments, I can be sure I'm healthy and disease free.",Health
1298,"refrigerator to track the items it stores and provide a digital reading when items are running low, I can be a more efficient shopper and so that I always have what I need in the home..",Other
1299,"air conditioner, It will manage home temperature level.",Health
1300,"I want my bath water to turn on automatically at 9 PM and use a preset water temperature to fill my tub to the desired level, I can feel special and important..",Health
1304,"whole house morning alarm, I can get the house moving at the same time in the morning.",Other
1305,"my vacuum to vacuum the home at a specific time each day, I will have less housework to do when I get home..",Other
1307,"Automated music, play songs I want right away at voice command.",Entertainment
1309,"natural disater alarm, I will have enough time to evacuate.",Safety
1310,"automsted light, So that if I forget to turn off the lamp it will happen on its own.",Energy
1311,"my TV to provide me with a list of options based on my preset and prioritized preference and automatically beep and change to the best show for me at that time, I don't miss any of my favorite shows and I don't have to spend time manually scrolling through a list of somewhat static options everyday..",Entertainment
1314,"my smart home to detect when a room is vacant for a specified amount of time and turn off all lights in that room, I can save on electricity.",Energy
1317,"blood pressure monitor, have reading throughout the day without having to do it myself.",Health
1320,"the refridgerator to lock after 10 pm, there is no late night snacking to help us be healthy.",Health
1322,"automated toilets, so hthat it will still flush when my son forgets too.",Health
1323,"my dishwasher to only run after a specified time, I can save money on electric bills.",Energy
1324,"make sure the doors are locked, The house will be secure.",Safety
1325,"automated temperature checker, I can take a temperature without having to disturb who ever is not feeling well.",Health
1327,"motion sensors that don't emit noises, provide safety without disturbing autistic ears.",Safety
1330,"self shut off pressure valves for furnace, If breakdown is emimnent it will stop befor disater strikes.",Safety
1331,"my oven to be able to act as a cooler, then turn on to cook at a set time, I can put something in it before leaving for work and have it be cooked when I get home.",Health
1333,"self refilling coffee pot, Coffee is always hot fresh and ready.",Other
1334,"my smart home to notify me on my cell when the smoke detectors' batteries are getting low, I don't have to hear the annoying nonstop beeping of the detecter at the most inconvenient times..",Safety
1335,"my smart home to detect and sound an alarm when my pet is on the counters, I can teach him when I am not at home.",Other
1336,"my plants to have water, they will not get dry.",Energy
1337,"my smart home to be able to adjust my thermostat based on my voice from wherever I am in the house, if I am cold or hot at night, I can adjust it without getting up.",Energy
1338,"my house to be cleaned, I don't have to clean up when I get home.",Health
1339,"music to be played when I get home, it will help me relax.",Health
1340,"my bathroom mirror, sink, and shower to autoclean each day, I don't have to do it and this will allow me more time for other things..",Health
1341,"my smart home to alert me whenever the stove is being used when I am not home, I know my children are safe.",Safety
1343,"my smart home to alert me at specified times to exercise, I am forced to make the effort to be healthy.",Health
1344,"my smart home to automatically dial 911 if forced entry is detected (whether an alarm is activated or not), I can feel safe all the time..",Safety
1348,"my smart home to store all of my recipes and be able to recite them to me step by step as I cook, I can find and make meals easily.",Entertainment
1350,"my smart home to be able to project a ""hologram"" of the video I am watching to follow me from room to room, so that I can continue watching my movie or show as I move around.",Entertainment
1356,"A door alarm that lets me know if my child has left the house, I can keep track of their whereabouts.",Safety
1357,"Phone notification to alert me when my washer is done washing my clothes, I can get laundry done more efficiently.",Energy
1358,"Phone notification to alert me when the garage door is opened, I can keep track of who is coming into the house.",Safety
1359,"Phone notification to alert me when food in the fridge is about to spoil/go bad, I can use groceries instead of wasting them.",Health
1360,"Phone notification to alert me of the weather conditions and suggest how to dress properly, I can be comfortable and prepared for bad weather.",Health
1361,"Phone notification to alert me if my child gets too close to the pool outside, I can keep track of their safety and prevent accidents.",Safety
1362,"Phone notification to alert me when mail or packages are delivered to my house, I can keep track of important mail items.",Safety
1363,"Phone notification to alert me if my dog wanders away from home, I can keep track of their whereabouts.",Safety
1364,"Phone notification to alert me when someone knocks on my front door, I don't miss food deliveries.",Entertainment
1365,"Phone notification to alert me if my child wanders too close to the street, I can keep track of their safety and prevent accidents.",Safety
1366,"a way to easily gather my children, I don't have to yell and wait for them.",Other
1367,"kitchen appliances with smart technology, I can cook better overall.",Other
1368,"security cameras everywhere, I can feel safe.",Safety
1369,"smart alarm clocks, I will wake up on time.",Other
1370,"a voice controlled remote, I don't have to get off the couch.",Entertainment
1371,"a great music system, my guests are impressed.",Entertainment
1372,"smart light controls, I can turn all of the lights off from my bed.",Energy
1373,"smart heating and cooling appliances, it is always kept nice and brisk.",Energy
1374,"smart cleaning products, I can keep up with my kids messes.",Other
1375,"a sound to play when exterior door are opened, I know if my son goes outside.",Safety
1376,"smart emergency alarms, I feel safe.",Safety
1377,"an alarm to sound if the gate to the pool is opened, I will know if someone enters when I am not present.",Safety
1378,"a smart fridge that jeeps track of essential food items, it will remind me when I need more items..",Health
1379,"a sound to alert me if I forget to set the alarm, I will never forget to set the alarm when I leave the house.",Safety
1380,"all lights to turn off or dim when rooms are unoccupied, I will save money on my electricity bill.",Energy
1381,"music to play whenever I am in the kitchen, I can be entertained while cooking or cleaning.",Energy
1382,"a device that controls the all lights in any room of the house, I can save money on energy bills..",Energy
1383,"all electronics (computers, etc) to shut down or sleep after a certain hour., I am not wastin electricity and I am prolonging the life of my electronics.",Energy
1384,"All power strips to automatically shut off when plugged in devices are fully charged, Eliminate wasting energy via plugs that aren't charging anything.",Energy
1385,"a device that adjusts the tomperature in the house according to the weather, I can save on bills..",Energy
1386,"led lighting to guide me up the walkway when I come home at night, I remain safe and can see my surroundings.",Energy
1387,"receive alerts (via smart phone) when someone comes onto my porch, I can know who is approaching my home when I'm away.",Safety
1388,"a device and speakers in every room of the house, I can listen to audio in any room.",Entertainment
1389,"the humidifier in my son's room to turn on and off at certain time overnight, he remains healthy from the moisture but, there isn't so much that the room becomes overly humid.",Energy
1390,"program that keeps track of the shows I like and tells me when they are on, I can watch or record it..",Entertainment
1391,"an automatic lock on the doors after a certain time, the doors will be locked no matter what..",Safety
1392,"a device that keeps track of what is in the fridge and gives me recipes using the food that I have, I know what I can cook.",Health
1393,"smoke detector that automatically opens doors, people have a better chance of getting out in case of an emergency..",Safety
1394,"device that plays music wirelessly from any device, Music and playlists can easily be listened to..",Entertainment
1395,"a device that tell me when mail or a package has arrived, Important items are not left outside..",Safety
1396,"A weather station that reports the weather right from my own yard, I can keep track of fluctuations in conditions from anywhere..",Entertainment
1397,"to be able to access my pantry and fridge's inventory, i can get exactly what i need from the grocery store without having to create a list..",Other
1398,"A sprnkler system that will automatically water my plants, My garden gets maintained when it comes to times i can not do it myself..",Other
1399,"specialized heater vents and cold air returns, little fingers and objects cannot be stuffed inside..",Safety
1400,"a cooling blanket, warm summer nights are relieved by wrapping yourself in a blanket to cool down..",Health
1401,"my home to be able to detect any loss of pressure or blockage in the pipes, i can pinpoint any abnormalities and fix them before they become more serious.",Safety
1402,"A smart car that will not operate when my teenage kids try to sneek the car out, I wil have peace of mind when i am unaware..",Safety
1403,"a door that unlocks and opens with the command of a smart phone, I can let the dog out to use the bathroom even when I'm not home..",Other
1404,"my smart home to keep tabs of who is in or out of the house, i can know when my kids arrive or leave.",Safety
1405,"Computer controlled cameras to come on in case of emergency, I can quickly see if there is a dangerous situation at home remotely.",Safety
1406,"a wall that can change scenery, I can always be surrounded by elements that appeal to me, no matter what the weather is outside..",Health
1407,"a smart thermostat, i can better regulate the temperature in my home.",Health
1408,"a built in noise machine with many different sounds, I can hear any type of noise I'd like from anywhere in the house..",Entertainment
1409,"wireless phone connectivity throughout the house, I can communocate easily and seamlessly.",Other
1410,"a self sustaining greenhouse, my plants will always be taken care of and watered properly.",Energy
1411,"I want a lawn that will absorb all dog poop, People with back problems will not have to bend to pick up feces anymore.",Other
1412,"a smart system that detect drain clogs in my septic, I know when its clogged and can fix it before it gets worst.",Safety
1413,"to be able to contact my wife when i am out at any place inside the house, i can reach her promptly in case of an emergency.",Safety
1414,"a touch screen calendar built into the wall, I can easily track my schedule without paper, pens, markers, or messy dry erase markers.",Entertainment
1415,"notifications of neighborhood emergencies, be prepared if there is a need to evacuate.",Safety
1416,"refrigerator that keeps count of what's inside, I will always know when something is running low..",Health
1417,"a device that will style my hair for me, my hair will look great all the time..",Health
1418,"my home to keep track of the data from my heart monitoring system, me or anyone at home can access that information.",Health
1419,"a system that notifies me when I'm using too much energy, I can save money on my monthly light bill.",Energy
1420,"programmable appliances, I can hit a recipe on an appliance amd it cooks.",Entertainment
1421,"to be able to interact with my pets when away, i can make them feel better while away.",Entertainment
1422,"An alarm system that will warn me when my toilet is about to get clogged up, People can assess the problem before the clog happens.",Safety
1423,"my smart home to start slowly rising the blinds and playing soft relaxing sounds about 20 minutes before i have to wake up, i wake up more rested and not as abruptly as with an alarm clock.",Health
1424,"My tv to shut off at a certain time when my kids watch, My kids dont spend all day in front of a tv.",Entertainment
1425,"My indoor wifi to shut at certain times of the day, My kids dont get too caught up on the internet life.",Entertainment
1426,"I would like a system to alert me of the weather, time and such, I don't have to grab for my cell phone.",Entertainment
1427,"stay connected, so it would be wonderful if all my social networks could be accessed across the home with lets say a finger print  and only while my phone is connected to the home's wifi network., i can access all my social media, email and messages from anywhere in the house without having to carry my phone..",Entertainment
1428,"a security system that tells and tracks who is entering my home, I can keep my home secure.",Safety
1429,"a maintenance monitor, I can track items to fix or change.",Energy
1430,"the home to track where i am and if i leave a room i want the music to follow me through the house, i can enjoy my music wherever i go..",Energy
1431,"A device that i can bring to the grocery to tell me if cettain fruits are ripe to eat, I dont keep buying fruit that will take days before consumable.",Health
1432,"the ability to grant a single use code to open the door even if i am not at home at the time, if my kids forget their keys ill be able to let them in.",Safety
1433,"separate TVs controlled for individuals in the house, programs can be recorded and reviewd in multiple locations.",Entertainment
1434,"A trash can thay absorbs all the foul smell, I do not have to worry about guest or family complaining about the trash can.",Health
1435,"message monitors, I can send notes to monitors in the house remotely.",Entertainment
1436,"A gaming console that will only operate under parents commands, My kids will do whats important first, before playing.",Entertainment
1437,"external mositure landscape monitors, I can program watering based upon moisture content.",Energy
1438,"to be able to know the scores of each game, I can be up to date with what's happening.",Entertainment
1439,"multiple heating/cooling zones, I can heat only what I need to use.",Health
1440,"a self cleaning bathroom and kitchen, I can spend more time working instead of cleaning.",Other
1441,"multiple music zones, each family member can choose there own music.",Entertainment
1442,"wifi sensors for outlets, so I can turn off items that Im not using.",Safety
1443,"A vacuum that will tell me when the floors are 100 percent clean, I dont have to worry about my kids crawling, rolling on the floors.",Health
1444,"a system that tells me how many hours I'm working and per hour rate, I can know how efficient Im being.",Other
1445,"smart locks on all doors, I can protect my home for who is coming in and out.",Safety
1446,"fire sensors to be linked to the fire suppression system, to be activated when a fire occurs, i can protect my property.",Safety
1447,"household cameras to detect when I leave the house, and activate recording, I can protect my  house while I'm away while not recording private activity.",Safety
1448,"the TV to detect weather alerts and automatically turn on the TV and turn to the weather channel, I can be aware of emergency weather conditions.",Safety
1449,"on stock alert levels, displays to be activated showing current market activity regarding the specific stock, I can get immediate information on a specific stock.",Other
1450,"lights to be activated and de-activated as I enter and leave a room, I can save energy.",Energy
1451,"displays to be activated and deactivated as I move rooms, showing the channel I'm currently viewing, I can continue to watch TV as I move through rooms.",Entertainment
1452,"the alarm system to automatically activate after all registered people in the home have left, I can secure the household.",Safety
1453,"a smart garage door opener, when i pull up on my motorcycle it senses the bike and opens the door automatically without me having to get off the bike.",Other
1454,"medical sensors to detect when a life threatening medical even occurs (heart attack) and notify emergency services, I can survive a life threatening event if I am unable to call for assistance.",Safety
1455,"smart doggie door, when my dog approaches it, the collar is sensed and allows him entry but locks afterward.",Safety
1456,"heat and air conditioning to activate and de-activate as I move from one room to another, I can save energy.",Energy
1457,"a smart shower which signals when i pre programmed temperature is reached, i dont burn myself or walk into a cold shower or waste water.",Energy
1458,"smart radiant floor heating, as i walk into a room only that rooms floor heating is engaged.",Energy
1459,"smart water sprinklers, they only turn on when they sense that there has been a shortage in natural water fall.",Other
1460,"sensors to detect a break-in and automatically close and lock the doors of the room containing intruder, I have time to take emergency action when a break-in occurs.",Safety
1461,"a smart mailbox, i receive smart phone notifications when mail is placed in my box.",Other
1462,"a smart desktop and monitor, when i enter the room the computer automatically wakes and turns the monitor on and when i leave for an extended time automatically puts the computer into sleep mode and turns the monitors off.",Entertainment
1463,"smart locks, like a car key fob doors lock and unlock depending on the proximity of the key i keep on my person.",Safety
1464,"biometric controls on locks, i have greater security for my home and convenience, i can never be locked out again.",Safety
1465,"smart vacation lighting, when i am away the house knows my typical lighting habits and continues those while im away to keep would be intruders deterred.",Safety
1466,"outlet timers, I could turn on certain light decorations at night and have them turn off in the morning..",Entertainment
1467,"humidity sensors, my humidifiers function more accurately in the basement..",Energy
1468,"music sensors, I can play music on the house surround in any room by stating a request..",Entertainment
1469,"thermometer that's aware of the daylight, it lowers the temperature in the house when sunny out, or raises it when it gets dark..",Energy
1470,"motion activated alert system, I am aware whenever anyone is at my doors..",Safety
1471,"water amount alerter, I am aware of how much water I am using at a time..",Energy
1472,"remote access to fire alarms, I am aware if my fire alarms go off while I am not at home..",Safety
1473,"remote light access, I can turn my lights on or off for my cats when I am not at home if it gets dark or daylight..",Energy
1474,"energy alerter, I am aware of how much energy I am using in the house at a given time..",Energy
1475,"remote access to outlets, I can turn them off to avoid energy vampires..",Energy
1476,"The sprinkler system to not only be timed, but to only go off depending on saturation., water can be conserved..",Other
1478,"Heat in each room I am in to be set at 70 degrees., I am comfortable at all times..",Energy
1479,"a unit that will control the lights, sounds, temperature and entertainment devices in the house, I can easily control everything in the house.",Entertainment
1480,"to recieve a text message at any point during the day when my electricity and water usage exceeds an acceptable level, my utility bill isn't unpredictable or greater than i'm willing to pay.",Energy
1481,"security windows that will change transparency and darken while I am away., my house will be more secure to thieves..",Other
1483,"my water heater to turn on at 3 am monday through friday, Have hot water ready for my morning shower at 330am.",Energy
1484,"my TV to be able to judge my mood that day and be able to play what will interest me most,, I will be able to relax easier at the end of the day..",Entertainment
1485,"my windows to be open whenever the weather is temperate (between 60 and 75 degrees F), I can automatically breathe fresh air when it wouldn't be extremely costly to do so.",Health
1486,"the option to unlock the front door from an app or remote when visitor has been verified from an auditory system., I do not have to walk to the door to let in a welcomed guest.",Safety
1487,"my kids monitoring system, during nights, to check weather they have a sound sleep, it helps me to understand their mental and physical health..",Health
1488,"something in the kitchen to track my weight and calorie intake, I can keep in shape.",Health
1489,"an oven that will learn when I am home from work and turn itself on to warm my dinner, I will not have to worry about it aftera long day..",Other
1490,"Alarm clock to turn the light lights on, slowly increasing the amount of light, Am woken up slowly.",Health
1491,"the speaker system to detect different moods to change music accordingly (if playing)., I can enjoy the right music at the right time..",Entertainment
1492,"My refrigerator to notify me on my smartphone that its stock needs to replenished., So that I could stock it up with the things I needs most, and never run out of the same..",Health
1493,"kitchen safety system to get automatically on after 10:00 PM, my kids as well my total family is safe during nights..",Safety
1494,"sensors on the doors and windows, we know when someone is entering the house.",Safety
1495,"my smart home to open the back door whenever it detects my dog's presence for longer than 3 minutes, my dog is able to relieve itself outside without a long waiting period..",Health
1496,"Smart receptacles that stop the flow of current to plugged in items when not in use, electricity is saved as well as money.",Energy
1497,"The outside lights to come one when I arrive in the parking lot., I have the added security when i arrive home..",Safety
1498,"doors and windows to be shut after 10:00 Pm at night, we are safe at home from theft.",Safety
1499,"to recieve text notification of new movies that match my viewing criteria are added to an online library, I can stream the movie at home.",Entertainment
1500,"a washer/dryer combo that will be controlled by my phone or mobile device to do my laundry at set times, I won't have to worry about it..",Other
1501,"a door that will allow my pets to go out or in by recognition., it will prevent other unwanted guests from entering..",Safety
1502,"my smart home to alert me whenever a presence is detected on the downstairs level when I've recorded that I am upstairs for the night, I can feel safe living alone and know if an intruder has entered my house..",Safety
1503,"a sensor to tell me when and what my lawn needs to be healthy, I always have a nice lawn.",Other
1504,"all power usage to be turned down when no one is home., the wasteful use of energy.",Energy
1505,"a SMART Home option that will allow my pet to walk to the door, bark, and a dog door raises to let them out, it will keep unwanted animals from aimlessly wandering into your house..",Health
1506,"a crib that will sense any disturbances in my baby's sleep, including crying or needing a diaper change, I will know my baby is resting comfortably..",Safety
1507,"a shower that will adjust the water temperature automatically to preferred temperatures., depending on the room's temperature, the water will be just right..",Other
1508,"to be alerted to any intruders to my property, I can be safe in my home.",Safety
1509,"blinds that are powered by the sun, that open when it is sunny, and close when it's dark, I can save electricity from constantly keeping the light on.",Energy
1510,"my system to make sure the overhead tank is not empty, we are not bothered about the water level.",Other
1511,"have a voice feature connected to my surround sound system at home that reminds me to exercise, i stay on track with my fitness goals.",Health
1513,"to be able to view all my homes systems from my smart phone, I can adjust these setting from anywhere..",Energy
1514,"my smart home to close off certain regions of the home while watching children by automatically moving sliding doors, the children will remain safe and contained while playing within one area of the home..",Safety
1515,"smart box to manage internet cabling, I can change how the internet is wired in the house.",Entertainment
1516,"my smart home to sense when the soil in the front and back yards are are dry,, it can turn on and off the watering system according to specified seasons and temps to save water and energy..",Energy
1517,"to be able to monitor my home while away, I can check that things are okay.",Safety
1518,"a feature that will scan my toothbrush and remind me when to replace it, I won't forget..",Health
1519,"Cameras with recognition, any unrecognizable guest appearance will have a photo sent to my phone and/or email..",Safety
1520,"understand the calories of food taken by my kids, it helps me understand their requirement and as well check with their health..",Health
1521,"the option to activate the opening and closing of window curtains by using a remote or smart phone application, during the day the blinds can be open and closed when necessary without having to manually open and close them..",Other
1522,"to recieve text alerts if i leave my garage door open after leaving, I dont leave my garage door open unknowingly.",Safety
1523,"My medicine pill holder to notify me about the pill that are going to expire, So that I can replace the old one and purchase new one..",Health
1524,"safety outlets, to prevent my nieces and nephews from getting shocked.",Safety
1525,"I want a device that regulates the water flow of faucets and toilets, I can save water.",Energy
1526,"my water sprinklers to automatically water the plants at home,, the moisture in the plants is well maintained all the time..",Other
1527,"my smart home to play a specific playlist or genre of music when I verbally tell my sound system what mood I am in, I can enjoy mood appropriate music throughout the house..",Entertainment
1528,"Smart sender bell, When I came to home the door identify my finger print.",Safety
1529,"electric blanket to be turned one 30 min before I go to bed,, it is warm when I get into bed..",Health
1530,"monitoring system for my television, about which channel are preferred by my kids, to understand the interest of my kids.",Other
1531,"my smart home to learn when I am not around and to turn off unnecessary items like TVs, coffeemaker, radio, etc., it will save me on electricity.",Energy
1532,"My medicine pill holder to notify me that new pills need to be purchased., So that I can purchase new pills..",Health
1533,"a device that can protect my airspace from drones, I can feel safe in my privacy.",Safety
1534,"the deviation in temperature of my kids at home, understand well about their health.",Health
1535,"my smart home to turn on fans automatically when stagnant air is detected, I can experience proper air flow and reduce discomfort..",Health
1536,"to have my heat turn itself on if the temperature outside dips below a certain level, when i come home its warm.",Other
1537,"a sensor in my children's play area that will sound an alarm if someone is hurt, I may rest easy knowing that my children are safe..",Safety
1538,"smart thermostat, the temperatures in each room stay regulated at all times.",Energy
1539,"my child TV to automatically turn off a set time,, so they don't watch too much TV..",Health
1540,"a roof made of solar panels that functions as a roof and an energy source, I can save electricity and money.",Energy
1541,"a smart detector for lethal gases or smoke to go to my email and/or phone, even when I am not around I will be notified immediately..",Safety
1542,"database of my husband's blood sugar and pressure, i can help him keep his health appropiately.",Health
1543,"Smart camera gps, I can seen where my child is.",Safety
1544,"a speaker at the door that asks a person to name himself before he rings the door bell,, I don't need to always see through the peephole.",Safety
1545,"remote smoke detectors, we will be alerted if they are triggered.",Safety
1546,"the temperature to be adjusted in individual rooms, I don't have to wait to heat or cool the whole house and waste time and money when there is only a few people inside..",Energy
1547,"my smart home to alert me when a single electronic device or source is requiring a significant amount of electricity, I can reduce or eliminate unnecessary electric bill costs and save energy.",Energy
1548,"a sensor that will sound an alarm if my dog escapes through the fenced backyard or something happens to hurt my pet, I will be confident they are safe outside..",Safety
1549,"fire place turns one when I get home from work, it will be warm and relaxing after work..",Health
1550,"a pet bed that will automatically warm or cool depending on the temperature of the pet, my pet will always be in comfort.",Health
1551,"My door cam needs to notify me when this is unusual activity outside, example more than 3-4 person approaching the house, so that I am vigilant about any dangers..",Safety
1552,"the temperature of the house to be maintained and as well inform on the temperature outside, my family people health is kept at control.",Health
1553,"a device that keeps track of maintenance issues around the house, I know when I may need to replace things such as water heater, roof.",Other
1554,"My fish tank needs to monitor and notify that  ample fish food is present in the tank, So that I can refill the stock..",Entertainment
1555,"automatically closing curtains or blinds in areas where I might be changing or bathing, I will know no one is peeking in..",Other
1556,"interior motion sensors, if door and window sensors fail we will still be alerted to activity in the home.",Safety
1557,"a stove that has a screen with built in recipes, can add recipes, and automatically preheats and times the food by recipe, I don't have to use a book or laptop, and the stove can program the time and heat itself.",Health
1558,"smart sensor that automatically detects my pet's location in the house,, I don't need to always watch out for her whereabouts..",Safety
1559,"i want to understand the temperature and blood pressure of my family members, which would help me to understand their mood swings.",Health
1560,"My fish tank needs to monitor and notify that  if there are any dead fish, So that i can replace it, and clear the tank..",Entertainment
1561,"Paint sensor, So it can notify that my house needs some paint or maintainance.",Safety
1562,"my smart home to have motion detecting lights in every room to be at full light when I am present and dim after I have left the room, I can experience well lit rooms but not have to worry about turning on or off the lights, while being energy efficient..",Energy
1563,"a device that can monitor my well being and health, I will be alerted to changes in my health.",Health
1564,"a wall feature that the pet can come to for a video call., I can see my pet whenever i am out of the house..",Entertainment
1566,"my things in home to be safe  and turned off all lights, make safe of all my things on home and live safe.",Safety
1567,"answering machine to play message when I walk into that  room, I don't miss anything important..",Entertainment
1568,"my fridge to identify my children by age and height and have a pre-prepared snack ready in a door for hem, I know they are eating the healthiest snacks possible..",Health
1569,"auto vacuum, it will keep the floors clean at all times.",Health
1570,"a device that show me deficiencies my home may have in it's efficiency, I can be more energy concious and efficient.",Energy
1571,"Smart ac, When I came to home according to outside environment it got adjusted automatically.",Energy
1572,"a smart computer that changes its setting according to the person who uses it, I don't need to put up parental settings all the time..",Safety
1573,"to have the option to turn on digital electronics from a centralized CPU, I can save time and hassle when looking for remote controllers.",Entertainment
1574,"The electric switch should automatically  switch off lights, fans and TV when there is no one at home., So that I save on electric bills..",Energy
1575,"my smart home to allot food to my pets in relationship to their tracked expended energy as determined by their collars and movement, my pets will receive more food appropriately when they have been especially active and will be hungry..",Health
1576,"automated food and water dishes, my dogs will have food and water at all times.",Health
1577,"Smart tv, That can run with voice.",Entertainment
1578,"to recieve text notification if water continually runs after a certain number of minutes, i don't recieve an excessively high water bill.",Energy
1579,"added motion security to the perimeter of the yard, anyone who is approaching will notify me in case they are unwanted.",Safety
1580,"a voice activated remote for the TV that can change channels using your voice or beep when misplaced, if it gets lost in the room, you can still use it by saying a channel number or using the locator.",Entertainment
1581,"the ability to analyze energy consumption by CPU or smart phone, I can determine which rooms and devices are consuming the most energy..",Energy
1582,"smart tag that I can attach to my car keys,, I don't need to search for them when they are lost..",Entertainment
1584,"Sensor, When I touch it it can calculate how many people are inside the room.",Safety
1585,"recieve calendar/updates updates speak through my surround sound system, i dont lose track of time and miss appointments.",Entertainment
1586,"my smart home to make available premade healthy snack options to my children after school, my children may readily have food to eat when hungry, but not be able to eat the unhealthy options if not supervised..",Health
1587,"geyser that automatically adjusts to optimal temperature settings,, I don't need to worry about burning my skin..",Health
1588,"to cut off water flow, water is saved and power consumption.",Energy
1589,"an automated wake up call to my cell phone, it can get me up and have the coffee start to brew, temperature adjusted, car started, etc to save time in the morning getting ready for work.",Other
1590,"artificial, self cleaning pet area, during long work days, the puppy has a place that can be used like outside and then it is robotically cleaned..",Health
1591,"a drawer in the fridge with a setting that makes fruits and veggies stay fresh for longer, I can eat them all before they go bad.",Health
1592,"Smart watering, If I am outside water plant on some specific time.",Energy
1593,"My WiFi router to notify me on my smartphone if someone tried to unauthorizedly access it., so that I am safe from hackers and intruders..",Safety
1594,"an auto-eject feature in my car,, I am automatically ejected from the vehicle if something hits it..",Safety
1595,"to have the option to dim tinting on windows using smart tint digital technology, I could do away with blinds and still control light penetration.",Energy
1597,"my things in home to be safe  and turned off all lights, make safe of all my things on home and live safe.",Safety
1598,"Smart alert, I can know my child is present in class.",Safety
1599,"to have recipe tutorials viewable through my tv at the time i usually prepare dinner, i can receive instruction to try new meals.",Entertainment
1600,"automatic windows that open up by themselves each morning,, I don't need to open and close them manually everyday..",Entertainment
1602,"Feature to notify health issue, I can detect do I need medicine.",Health
1603,"a device which automatically monitors and sweeps the floor., so that my floor remains clean.",Health
1604,"the refrigerator to remind me went we're low on a certain item(s), we can stop and get it on the way home and save trips to the store.",Energy
1605,"Food making machine, so that I can use an app and send instructions on a pre-selected list of dishes.",Entertainment
1606,"automatic recorder that records all my conversations and automatically picks up the thing-to-do, I don't need to keep reminders..",Entertainment
1607,"heated shower curtains that keep the steam/heat inside the shower, I'm not cold too quickly when showering.",Entertainment
1608,"Locker, That nobody can open except me.",Safety
1609,"to watch different channels at same time with time change, watch more channels with more peoples on their choice.",Entertainment
1610,"to recieve voice commands set to tell me how many calories my dinner can consist of, i can meet my daily calorie consumption target.",Health
1611,"to have standard automatic floor cleaning, housework can be kept up with minimal effort.",Health
1613,"to check my food to be healthy and things which we buy is organic, it makes us healthy.",Health
1614,"a sensor for my house piping system that detects chokes and calls up my plumber, I don't need to worry about the drain choking at home..",Energy
1615,"push to open doors, I can mash a button and have the door open when my hands are full..",Safety
1616,"to remind me when the birds needs to be feed, so that they do not starve to death.",Health
1617,"an auto door lock feature to lock my front door if i forget to lock it when leaving home, i can lock my home when i'm not physically there.",Safety
1618,"a garbage can that permanently masks the smell of garbage by deodorizing, it smells nice.",Health
1619,"all the doors in the house to be under surveilance if no one is home, if someone breaks in it could send me an alert and have video evidence of an intruder.",Safety
1620,"to attend my phone which i kept inside home where i was in other place, it makes easy if we miss to take it urgent calls.",Other
1621,"my smart home to alert me when I get mail inside the mailbox, and how many pieces there are, I can see when I have mail.",Entertainment
1623,"to lock and open my home when i was not there, it makes our family members to go inside without keys.",Safety
1624,"system to monitor my parents health, to help them maintain their health.",Health
1625,"a laptop that opens most used programs every time it is turned on., I can save time.",Entertainment
1626,"Need to technology to understand the change in behaviour of my aging parents, to support them mentally and physically.",Health
1628,"to have monitored the beverages and foods my guests have the most, I can easily buy more for the next time they come over.",Entertainment
1629,"my home to be clean and fragrant when i was not there, it makes feel better when we return from some journey.",Entertainment
1630,"a coaster that keeps my beverage cold as if there was ice in it, It can stay cold and I won't waste more water by refilling with ice.",Energy
1631,"to understand the requirement of my kids, since being at office most of the time, I have less time to spend with them, I can help my wife to groom my kids.",Other
1632,"to keep all my things where it placed previously, it makes room clean.",Entertainment
1633,"have a closer look at the kids internet surfing , timing, interest, they dont get into wrong sites and get corrupted.",Safety
1634,"to have a monitoring system for my kitchen equipments, it helps my wife to be safe.",Safety
1635,"a coffeepot that automatically makes coffee at 5AM, adds sugar and cream, I can wake up to a nice cup of coffee.",Entertainment
1636,"to have the fridge look up the caloric and nutrition info on remaining foods in the fridge, I can know what to avoid for the day/week.",Health
1637,"understand the health of my aging parents, like BP, sugar, I can help them to keep their health properly.",Health
1639,"security system to alert me of unknown people getting into my house at my absence, to safe guard my family members.",Safety
1640,"to know if there have been unusual movement patterns in the house that might indicate a trauma, help could be provided as soon as possible.",Health
1641,"I want a refrigerator that automatically monitors and purchases groceries that are low,, I can save time from having to shop..",Health
1642,"to remotely set up playlist of movies to watch on TV when we get home, we can just sit down and relax together with little effort.",Entertainment
1644,"understand the entertainment activity of my kids, I can get them the best that is required.",Entertainment
1645,"media devices in the house to be incorporated into a single ecosystem, I could be on top of news, events and entertainment all the time.",Entertainment
1646,"understand the mood swings of my kids, I can help them focus on their studies and good health.",Health
1647,"a home that monitors my gym membership activity and reminds me to work out,, I can stay motivated to work out..",Health
1648,"My Smart Home to notify when I need to buy favorite foods, I may purchase the before I run out..",Health
1649,"a monitor for the front door, I don't have to get up for those annoying witnesses or charity drives.",Other
1650,"my electronic items to be periodically noted, as it might cause injury to my family members, I can change it or service it at appropriate time, make things for safety.",Safety
1651,"house equipment to automatically report malfunctions, repairs could be delivered quickly.",Other
1653,"lights in the house to adjust to specific presets based on the time of day, outside illumination and activities taking place inside the house, I could conserve energy.",Energy
1654,"My Smart Home to turn on/offlights at selected time, it may appear I am home..",Safety
1655,"childrends bedroom that automatically plays and doesn't play soothing music depending on if child is or isn't asleep,, my child will fall asleep easier..",Health
1656,"my medicine cabinet to show me which medicines and drugs should not be taken together or may have expired, I don't risk unwanted side effects or health complications.",Health
1657,"to be able to call the police by voice command, I could call help when i can't reach other means of communication.",Safety
1659,"house that records my favorite tv shows for me if I am not sitting on the couch,, I don't have to remember to schedule a recording..",Entertainment
1660,"a toilet that will use less or more water depending on if I go number 1 or number 2,, I can have a lower water bill..",Energy
1661,"miniature robots to periodically vacuum the house, the house always stays clean and hypo-allergic.",Health
1662,"my cleaning devices to run when electricity prices are at their lowest, I may save money & not overtax the system..",Energy
1663,"the home to dynamically adjust temperature of the ac system depending on occupants' presence in certain areas, the air temperature and humidity are always comfortable within the house.",Energy
1664,"home that will notify me by text message when my dog is barking, I know about any potential intruders.",Safety
1665,"my TV/audio system to play my favorite news programs in various media, at desiginated times so I can stay informed & remember it in various ways..",Entertainment
1666,"the windows in the kitchen have a transparent display for news and outside temperature, I could get an update on news and weather in the morning.",Entertainment
1667,"the smart home to call the police if there has been trespassing while the owners are not at home, the residence and possessions within it remain safe.",Safety
1668,"feature that will interect with my dog for an hour each day, so that my dog  will be  happy & engaged when I'm away from home..",Other
1669,"the fridge to be able to automatically restock itself based on a pre-programmed schedule, I could always have a full stock of my favorite groceries.",Other
1670,"home that turn off a power outlet when it senses that a plugged in device is fully charged, I don't have to remember to unplug a fully charged device..",Energy
1672,"home that will auto cast music to different rooms when I go from one room to another, I can continue to enjoy my music while I move around my home.",Entertainment
1673,"a device that monitors basic health information when I am at home, I may be aware of any changes..",Health
1674,"home that will notify me if the stove or oven is on with no one in the home, there will be no fire hazard.",Safety
1675,"my Smart House to bark loudly at randon times when I'm away, the neighbors/looters think I am inside.",Safety
1676,"a mail box that will automatically lock itself after the mail has been deliver, my mail cannot be stolen.",Safety
1678,"My Smart Home to update me when asked about my energy consumption, benefit by knowing how I may change my usage..",Energy
1679,"my Smart Home to have an excellent taste of music, may dance & be happy at home..",Entertainment
1681,"my Smart Home to have many accents to talk to me in, I may benefit from the presence of a Britt, Kiwi, or something just seductive.",Other
1682,"Alarm me whenever pets leave designated spot., I know when my pet runs away..",Safety
1683,"to know when there's water running, I can turn off water and save..",Safety
1684,"an alarm system to alert everyone whenever it's time to eat, not inform everyone.",Other
1685,"to turn on and off electronics in the house, I can make sure when to conserve energy and make sure everyone goes to sleep on time..",Energy
1686,"an alarm that will sound my room really loud, I can wake up on time regardless of how I feel.",Entertainment
1687,"a headcount of how many people come and leave the house., I can keep up with the security in the house manually..",Safety
1688,"to be notified when someone is somewhere in the house where they don't belong, I can protect certain belongings..",Safety
1689,"a location finder for items, I can find whatever important I need whenever I forget..",Entertainment
1690,"a energy consumption detector, I can see whoever is using too much energy.",Energy
1691,"a voice detector for whenever someone screams for cry of help, I can alert the police or authority whenever I'm not at home..",Safety
1692,"my tv to send a notification to my phone to remind me when my favorite show are returning for a new season, i dont miss the first episode.",Entertainment
1693,"to know when my fridge is running low on everyday essentials by sending me a message to my phone, i know my family doesn't run out of food that they use daily.",Other
1694,"to know how long my air conditioners been running each day by sending me a message to my phone, i could keep my energy bill in check.",Energy
1695,"my kitchen stove and oven to notify me via text when i accidentally leave it on when im out the house or asleep, i could keep my family safe and not burn down the house.",Safety
1697,"my to be notified when i have scheduled medication to take give the kids or myself when feeling sick, i dont forget to miss a dose and risk not feeling well longer.",Health
1698,"my music device to notify me when my favorite artist release new music, i could keep up with their latest music and download it.",Entertainment
1699,"my smart home to notify me when my smart phone is full charged, i could remove it and not risk burning out the battery or wasting unnecessary energy.",Energy
1700,"my laundry dryer to notify me when my clothes are dried even when it is still running, so i could remove them and not have to have the dryer running when it is not needed so i could save energy.",Energy
1701,"my windows and doors to be locked in accordance with my (or family members) voice 'LOCK' and 'UNLOCK', my home can maintain privacy and safety.",Safety
1702,"to know how long my shower been running each day while my family and myself use it, i could save water and limit the usage and play my part in helping the environment.",Other
1703,"my tv to notify me how long my children spend each day watching their favorite shows, i could limit their viewing time and make sure they do other things more productive like exercise.",Health
1704,"a internet radio streaming live broadcasting world wide to play according to my voice, I can enjoy my favorite music and play.",Entertainment
1705,"an automatic shower, it comes on the same time I wake up so I can just walk in.",Health
1706,"automatic gas fireplace, I don't have to get up from the couch to turn it on.",Energy
1707,"to show the food calories, vitamins etc in our family food taken, I am aware of correct nutrition level..",Health
1708,"automatic stove, I can turn it on when I am at work.",Energy
1709,"an automatic clothes washer, it can start on it's own, on a set schedule.",Energy
1710,"my pets to be watched over screen and to know the necessary foods available for them, I can keep them healthy.",Health
1712,"room senors, the second I walk in the room, the lights and tv can come on and my laptop will boot up without doing anything.",Energy
1713,"automatic lawnmower, it can cut the grass itself without anyone doing it.",Other
1714,"a bike which runs in herbs oil (not petrol/diesel), global-warming should be less and no co2.",Energy
1715,"automatic toaster, it can cook my toast before I wake up.",Other
1717,"automatic toiletseat, once I walk up to it, the lid opens and when I am finished, the lid shuts and flushes by itself.",Health
1718,"my dirty clothes clean without water and detergent powder, water can be saved.",Other
1719,"automatic meat dicer, I don't have to cut the meat and do a lot of work in the kitchen.",Other
1721,"an automatic trash can, once it's full, it will alert me and will tie the bag shut by itself.",Other
1724,"my children away from water, pit, pesticide and other poisonous things, I am aware of  my children safety.",Safety
1729,"my house lights and lamps got lighted from solar energy only without electricity, electricity can be saved.",Energy
1735,"an object replaced by Fans to be produced (breezing ) cool natural fresh air, I can save electricity and to be healthy.",Health
1737,"a mirror that shows weather reports, daily to-do listings, reminders etc using Glass technology, I am aware of my daily programs, forecast etc..",Entertainment
1738,"voice-activated lights, I can turn on and off the lights wherever I am in the room..",Energy
1739,"an alarm to go off whenever someone who is under a certain height goes out of the house, my children will be secure..",Safety
1740,"an automatic pet feeder, I won't have to take note of the time my pet last ate..",Other
1741,"to have changing ambiance ""scenes"", we will automatically have different themes for different events or parties..",Entertainment
1742,"automatic security gates on staircases, it will automatically put up security measures when my child comes within a few feet from the stairs..",Safety
1743,"an automatic solar panel, it will automatically switch all electrical consumption to solar and store energy during the day..",Energy
1744,"an automatic air conditioner that would detect when I am nearly home and automatically turn on, the house is already comfortably warm or cool when I enter it..",Other
1745,"a security camera and a siren which can be remotely monitored, it would be good for chasing thieves away..",Safety
1746,"a device that can be tagged to keys, pets, phones, etc., if they are missing, I will be immediately informed and be able to locate them..",Other
1747,"my appliances to send an alert when it needs cleaning or repair, it will be immediately notified and have it repaired..",Energy
1748,"my tv to tell me when new movie releases in my geners are released, i can keep up with new movies.",Entertainment
1749,"all the lights in every room to turn off at 11pm, we don't waste electricity and can sleep in peace.",Energy
1750,"windows that open with smartphone, so that i dont have to do it manually..",Other
1751,"sensors around house to tell me when someone gets within 10 ft of house, i can keep my family safe.",Safety
1752,"something that automatically vaccums, so i dont have to do it manually..",Safety
1753,"the front and back doors to automatically lock after 6pm, if we forget to close them we don't have to worry about burglars.",Safety
1754,"my safe to alert my phone when someone tries to open it, i can know if someone is getting in.",Safety
1755,"opens doors by fingerprints, so that i dont have to do it manually..",Energy
1756,"something that cleans, dust., no manual labor..",Health
1757,"my phone to tell me the temp in my house and allow me to adjust it, i can keep my bill lower.",Energy
1758,"my smartphone to have an app to show me video of the baby room at all times, i can always check on the well-being of my infant.",Safety
1759,"a device that monitors the last time someone did a chore, I don't have to keep track of it.",Energy
1760,"something that cuts grass, i dont have to do it manually..",Energy
1761,"my medicine cabinet to remind me to give children medicine, i don't forget to give them vitamins.",Health
1762,"a device that tells me what devices are taking up the most energy, I don't waste energy.",Energy
1763,"all my electronics in the living room to turn on when i open the front door, i dont' waste time turning everything on manually.",Entertainment
1764,"something that prevents sun from coming in windows., so no sun pentrates..",Safety
1765,"a medice cabnit that locks and lets me know when someone tries to open it, pills can not be misused.",Health
1766,"sprinklers that come on automatically and consumers water, so i dont have to do it..",Energy
1767,"my house to turn off devices that haven't been used in a certain amount of time, I don't waste energy.",Energy
1768,"something that turns my tv on at a certain time of the day, so i dont have to do it.",Entertainment
1769,"cameras that turn on when they sense movement, trespassers can be identified.",Safety
1770,"automatic shower heads turning on at a certain time., enables it to get hot.",Energy
1771,"to send grocery list from fridge to phone, i wont forget my list.",Health
1772,"turns fans on at a certain temp, dont have to do it manually..",Energy
1773,"a water guage, I can keep track of how much water has been used that month.",Energy
1774,"to control tv consumption from my phone, my kids cant watch all the time.",Entertainment
1775,"my home to adjust the lighting on my computer and television screens according to the amount of light in the room, straining in my eyes are reduced while I am working or reading..",Health
1776,"to shut off all phones in the house at certain times, i can control media usage.",Entertainment
1777,"a loud speaker system, I don't have to yell.",Other
1779,"my phone to tell me when someothing is wrong with the electrical system in house, i can get it fixed.",Safety
1780,"reminders to pop up after a certain amount of time, I don't forget to do my work.",Entertainment
1781,"my phone to alert me if the dog leaves the premise using a sensor on the dog's collar, i know if the dog has escaped the area.",Safety
1783,"the temperature to always be changeable via a phone app, i can have all thermostats change to a specific temperature using just one device.",Energy
1784,"my home to adjust the air flow and amount of humidity, I can do things comfortably in my home without getting overheated..",Energy
1787,"the ability to remotely unlock the house, if someone forgets their key they don't have to break in or wait.",Safety
1788,"an app to turn off the stove in case i'm not home and i forgot to turn it off, i won't cause a possible fire and waste energy.",Safety
1789,"a device that tells me when my pet gets into a room or something they're not meant to be in (i.e. the trash), I can get them soomer.",Safety
1791,"a rotating closet rack, i just think it would be cool.",Entertainment
1792,"my home to tell me when there is spoiled food in the refigerator, I know when to throw out food..",Health
1794,"an app which shows video of who rang my doorbell when i wasn't at home, i can see who stopped by when i wasn't home.",Other
1796,"an app that tells me if my child gets near a dangerous appliance like a stove, safety for my child.",Safety
1797,"my home to record television shows I missed while I was away, I can watch them when I have free time..",Entertainment
1799,"a sensor to go off if my child tries to open an electrical device, my child doesn't receive an electric shock.",Safety
1800,"my smart home to set alarms to remind me when to take medicine, I don't forget to take them..",Health
1801,"my smart floor to alert me when ever my child keep non eatable item in her mouth, I can rush to them and stop her before putting it in her mouth.",Safety
1803,"my smart home to contact the police if anyone has broken into my home, my home can be protected while I am away..",Safety
1804,"my home to keep track of where my pet is, I can find them if they run away..",Safety
1805,"my water tank to make an before getting emply, I will start to refill my water tank.",Energy
1806,"my home to play white noise while I sleep, I can rest better..",Entertainment
1807,"my smart music system to recognize my mood when I enter home and play a song to that, I can enjoy or I feel to be alone with the song.",Entertainment
1808,"my home to turn on my coffee pot and make me coffee 10 minutes before I wake up, I can drink it as soon as I am awake.",Entertainment
1809,"my home to turn off the television, mobile phones and computer until my children are done studying, my children can finish their homework without distractions.",Energy
1810,"stove fans to come on automatically, the level of smoke from cooking is maintained..",Health
1811,"Stay distance the computed equipment from pets., They protcted, and second one it was safe to computed system..",Safety
1813,"my smart mobile to send me an SMS when my child is not feeling well, when I am in office, I can rush or alert my family doctor to attend them.",Safety
1814,"my smart home to alert me when some enters the building i live in, so i know when someone is coming up the stairs near my apartment.",Safety
1815,"the wifi to turn off at bedtime, my kids wont be using it too late..",Entertainment
1816,"my smart home to let me know if water is running when an area isn't occupied, I can save on water costs.",Other
1817,"my smart home to alert me when my dog enters a room, so I know where she is.",Safety
1818,"the beds to warm 10 mins before I enter, i wont have to feel cold sheets.",Entertainment
1819,"my smart home to turn off appliances (tv/computer) when a room is empty, I can save on electricity.",Energy
1820,"the heated floors to turn on 30 mins before my alarm, they only turn on when i need them.",Entertainment
1821,"my smart home to alert me when a burner is on in the kitchen when it is unoccupied, prevent a fire.",Safety
1823,"my vacuum cleaner to clean to floors at a particular time daily or as I Program, my house will be clean.",Health
1824,"Auto volume control when vetting out from my room while listening ,and auto increase when enters , switch volume and song changes with my words., Easy to.use , feel lively while listen music ..",Entertainment
1825,"the coffee machine to start 5 minutes before my alarm, it will be ready to drink when i get downstairs.",Entertainment
1826,"my smart home to record shows I watch without having to pre-program them, maximize my entertainment.",Entertainment
1827,"my smart home to alert me when someone is in the medicine cabinet, protect my children from taking medicines by accident.",Safety
1828,"the windows and doors to lock automatically after 10 pm, when i forget to do it manually, I know I am safe..",Safety
1829,"a soil monitor, I can be alerted when my plants need watering.",Other
1830,"my smart home to alert me when the oven is on, but there isn't anything in it, avoid a fire or gas leak.",Safety
1831,"to be alerted when I have mail, I know when to check it because I don't always receive mail.",Entertainment
1832,"smart home to send a picture to my phone of anyone standing on my doorstep, know who is visiting me before I choose to answer the door.",Safety
1833,"automatic lights which turn off when I leave a room or only turn on when ambient light is low, I can save everygy.",Energy
1834,"to be alerted where my children are when i am not home, i know that they aren't getting into trouble or doing things they shouldn't be doing.",Safety
1835,"to control fireplace from my phone, make my life easier.",Entertainment
1836,"Auto temperature system that was bonded with outside climate and it was suitable the body needs like hot in winter, cool in summer with high techinical system., It helps to gain health  , give comfortness ..",Health
1837,"scale and other sensors builtin to the shower floor with displayable metrics, everyday I can monitor my weight and pulse in a way that makes efficient use of my time.",Health
1838,"an all room speaker system, speakers turn on when I enter a room and turn off in the room I left.",Entertainment
1839,"the front door to lock automatically behind me, i know everyone in the house is safe.",Safety
1840,"my smart television to play song which I sing, it will keep me enjoyable.",Energy
1841,"automatic locking doors, doors will lock automatically but unlock when I touch the knob via fingerprint sensor.",Safety
1842,"to see what channels are being watched through my phone, I know my kids are watching appropriate channels.",Entertainment
1843,"a system that will turn on televisions to the current channel when I enter a room, I won't miss anything when watching a game.",Entertainment
1844,"Auto control power ,save energy , that was the system that control power after sleep, and empty rooms , reduce energy saving modes was also include., Saver electrical energy, supports green planet..",Energy
1845,"my chimney to switch on whenever I start my stove, my kitchen will be clean.",Energy
1846,"a thermostat what adjusts itself based on the outdoor temperature, I can conserve energy but also maintain a pleasant temperature inside.",Energy
1847,"a connected washing machine that could turn on when I leave work, my clothes can be ready to put in the dryer when I get home and will not have been wet in the washer all day.",Other
1848,"Auto gardening sgstem like watering plants with under ground watering system , by time to time shedule arrange remote watering system., Watering plants daily without miss a day, grew well..",Other
1849,"automatically closing windows when a person is within a certain range of the window, I can leave windows open on a nice day instead of running the air conditioning, but also maintain the safety of my house.",Safety
1850,"a phone app that displays current energy use and tracks long term stats, I can be aware of my energy usage and be alerted to high usage that I may want to correct.",Energy
1851,"Fix auto alarm for feed food , and take out , everything need in system., Get i. Order , different pet maintainence ..",Other
1852,"my smart television to capture my kids naughty things, I will enjoy seeing it when I am back to home.",Energy
1853,"Windows that will tell me what temperature it is outside along with the weather conditions., Health.",Health
1854,"Car parking alert indication from shed  that was touches by anyone must indicate to bedroom in purpose of saftey., Protect from snatches ..",Safety
1855,"a back door that will warn me when someone approaches within 15 feet of my door, I can know if someone is approaching my house ahead of time..",Safety
1856,"my wall to act as a in built wifi router, I can access the internet without using an external router.",Energy
1858,"Windows that will alert me and call the police when someone try's to open them., I know if someone is trying to break into my house..",Safety
1859,"all my electronics and electrical items to get witched off if there is no one there for certain time, I can save my bills.",Energy
1860,"In separate room that mention gym must built an auto computer trainee to do workouts and other physical works., Command to body, no need to go gym outside..",Health
1861,"a panel that will let me know which devices are currently using energy but are not being used such as lights, I can save money and energy.",Energy
1862,"windows that change tint when the lighting in the house becomes too bright, My eyes are not blinded when it's really bright out.",Health
1863,"windows that will light up when it's dreary outside to brighten my mood, my mood is elevated throughout the day no matter what it's like outside.",Health
1864,"Arrange home theatres every room and the music follow with my body where ever in house , the music play only in the room where at the present , it moves with me ., Live music , kind of satisfaction in listening music ..",Entertainment
1865,"an alarm that goes off that lets me know when an emergency is taking place on a panel within the house, I can react to whats going on in my surroundings..",Safety
1866,"doors that automatically lock within 1 minute after they have been shut, I never have to worry about forgetting to lock my doors.",Safety
1867,"a panel to let me know if someone is trying to breach into my computer, I can prevent hackers from getting into my computer.",Safety
1868,"Diet system that control kitchen, auto suggest to eat, time suggest, follow it., Health diet, make a special time to eat..",Health
1869,"a panel that will list how much battery power all of my smart home devices currently have available, I know when my smart home devices need to be charged.",Energy
1870,"wireless temperature control, I can change the temperature before I get home, saving energy.",Energy
1871,"kitchen appliance monitors, I can keep track of appliances like the stove to ensure I don't forget they are on.",Safety
1872,"the television to think for itself, it senses I am nearby and will come on if it thinks I may want to watch a show.",Entertainment
1873,"the home to remind me when cleaning supplies are low, I know when to purchase the required supplies.",Other
1874,"automatic butt wiper, i don't have to wipe my ass.",Health
1875,"notification of when children leave/enter home through motion sensors, I can know they are safe.",Safety
1876,"air purifier, fresh air.",Health
1877,"tv that goes into the cieling, save space.",Safety
1878,"automatic door lock, don't need keys.",Safety
1879,"remote control of appliances, I can turn off appliances from the next room without getting up to save energy.",Energy
1880,"automatic window cleaner, so i don't need to.",Safety
1881,"motion sensors for outdoor lights, safety.",Safety
1882,"electricity saver, i can save electricity.",Energy
1884,"features to safely monitor my baby's vital signs, I can always know they are safe.",Safety
1885,"auto cleaning fridge, i don't have to.",Health
1886,"robot butler, he can take care of my light work.",Health
1888,"the air conditioner to learn my behavior, it can adapt to me, ensuring it uses the minimum amount of electricity based on my activity/schedule.",Energy
1889,"access to the home without keys, I don't have to hold onto multiple homeowner's keys. I can gain access to a home/certain rooms with just my phone..",Other
1890,"pool safety monitoring, I am alerted via cell phone if anyone goes near the pool to keep children safe.",Safety
1891,"lights that shut off when i leave the room, it will save electricty.",Energy
1892,"a dishwasher that washes dishes using less water, i can save money.",Energy
1893,"a video game console that shuts off at bed time, I can get my kid to school on time.",Entertainment
1894,"a doggy door that closes and locks when the dog is inside, other animals don't enter the home.",Safety
1895,"self-cleaning tub, I'll have less chores.",Health
1896,"A kitchen that can upload recipe requirements from my computer to my appliance, the stove will preheat itself, timers will be pre-set, and I'll save time preparing food..",Other
1897,"a fridge that gives healthy recomendations based on the food we have, my kid can eat better.",Health
1898,"Key fob that remotely locks or unlocks my front door., I never have to run back to jiggle the handle to make sure I locked up, and to make it easier to get in when my arms are full..",Safety
1899,"A screen in my home that lists all of my appliances and how much energy they consume, I can reduce my energy uses and lower my utility bills..",Energy
1900,"bug killing machine that counts how many bugs it has killed, I won't have to do it myself.",Health
1901,"a TV that turns itself off after I leave the room, it will save electricty.",Entertainment
1902,"toaster that will use less energy, i will save money.",Energy
1903,"a toilet that flushes itself a second time if there is extra poop, it won't leave stains.",Health
1904,"appliances that turn themselves off if the house detects that all occupants have left., I can safe energy and prevent dangerous mistakes like leaving the stove on..",Energy
1905,"a medicine box that includes an auto-dial options to re-order my birth control, I never forget to pick it up when I'm running low.",Health
1906,"a remote feeder, I can fill my pet's bowl from work or running late so they don't have to wait hungry..",Other
1907,"lights that I can adjust from my chair, I can continue to read without worry about eye strain.",Entertainment
1908,"a floor that counts how many steps I take a day, I can track my fitness around the house without any attachments.",Health
1909,"an encyclopedia I can speak directly to installed in my home, I can find out the answer to whatever question I'm wondering about without having to do the searching on my own..",Entertainment
1910,"fans around the house I can vocally activate, the air will be cleared out/better circulated.",Health
1911,"I want home thermostat to monitor my body temeprature, So I know when I I'm getting sick and beginning to run a fever..",Health
1912,"Home monitors to watch my movements, If I stop moving there will be an automatic 911 call made.",Health
1913,"Home outside monitors alert me if someone approaches my home, So I can be safe..",Safety
1914,"my computer to turn on automatically at 7am, I waste no time waiting on it..",Entertainment
1915,"Home monitors observe my activity and know when I am about to leave and have a Uber ready, Save time, just walk out and go..",Other
1916,"my smart home to track if my pet is inside or outside, I know where she is..",Safety
1917,"my referigator to tell me when I need to buy milk, butter and eggs, So I don't run out of milk, butter and eggs.",Other
1918,"my smart home to turn on music when the shower is running, don't have to remember to turn it on.",Entertainment
1919,"Home monitor tell me my home is locked after I leave, So I remember to lock my home..",Safety
1920,"the doors to lock when I'm gone from the house for 10 minutes, my house will be safe..",Safety
1921,"have all my electical appliances tell me how much electricity they are using and the cost, so I can save on electric costs.",Energy
1922,"my smart house to turn off my fans if I'm not in the room for 10 minutes, energy will be saved..",Energy
1923,"to be alerted when a window gets damaged, I know to check on it immediately.",Safety
1924,"Hot water heater automatical heat water to temperature I like for showering, Water for showering feels just right, no need for adjustment.",Health
1925,"alerts if my toddler is where she shouldn't be, I can make sure she is safe.",Health
1926,"Blinds automatical open with the sun rise and direction, Maximize ampunt of sunlight in home..",Health
1927,"my smart house to turn off the central air when I'm asleep, I conserve energy.",Energy
1928,"let me know what the temperature is outside, So I can dress for warm or cold..",Health
1929,"fragrance sprinkler near my cat's litterbox, that it will activate after my cat uses it, to keep the room smelling fresh..",Other
1930,"coffee container a lert me when I am running out of coffee, So I don't wake up and I am out of coffee.",Other
1931,"my smart home to alert me no discretely when someone pulls in, I can prepare or hide..",Safety
1932,"appliances alert me they are on before I leave, Make sure all appliances are turned off when I leave..",Safety
1933,"mirror let me know if I have missed a spot shaving, so I get a clean shave..",Health
1934,"to be alerted when when pet uses the doggie door, I know when it is outside or inside.",Health
1935,"to be alerted if my pet somehow escapes from the back yard, I can chase after it immediately.",Health
1936,"video monitoring security that records activity on my property, I can watch my property.",Safety
1937,"a smart house that monitors specific rooms with video at my command, I can keep watch on my small children.",Safety
1938,"a smart home that will sense when nobody is home and automatically adjust the temperature, I can conserve energy and save money.",Energy
1939,"a notification when a friend or relative stops by and I am not home, I can contact the person and inform them of my current whereabouts.",Safety
1940,"a smart house that calculates my current energy bill so far this month, I can budget accordingly.",Energy
1941,"smart home that integrates with every tv in each room to coordinate viewing, I can streamline my viewing experience.",Entertainment
1942,"a smart home that automatically opens and closes curtains and blinds, I can regulate the amount of heat and sunlight entering the house.",Energy
1943,"a smart home to alert me when the mail or packages are delivered, I can move them inside the house.",Safety
1945,"my smart home to notice and alert me any time a pet goes potty on the floor, the flooring can be cleaned quickly and not be ruined.",Other
1946,"my smart home to notify me when it has been more than 2 days since the litter has been changed, the litter box stays clean and doesn't get forgotten.",Other
1948,"my smart home to keep a relatively stable humidity factor, whether it means taking humidity out of the air, or adding it back in, my family will feel better..",Health
1950,"my smart home to notify me if there is too much dust in the air, dusting and vacuuming don't get put off due to busy lives.",Health
1951,"my smart home to notify me any time the liquor cabinet has been opened, I will know if my kids are trying to access it.",Safety
1952,"my smart home to notify me any time the gun cabinet is even touched, much less opened., my kids will be safe.",Safety
1953,"I want my smart home to play ""our song""  whenever I say the phrase ""It's nice to have a night alone without the kids"", My husband and I can smile and dance together.",Entertainment
1954,"my smart home to notify me wherever I am whenever someone gets in the pool, I can be aware of safety issues.",Safety
1956,"my smart phone to notify me 10 minutes before the Braves games begin and if I don't respond, automatically DVR the game, I don't miss a single game.",Entertainment
1958,"my smart home to be outfitted with solar panels, I can use green energy as much as possible.",Energy
1967,"my smart home to sync with package deliveries, so that the packages can be left at my door.",Other
1968,"hidden speakers wired throughout the house, music can follow me wherever I go.",Entertainment
1969,"a service that will tell me if someone is outside of my house, i can be safe.",Safety
1970,"video baby monitor, I can see the baby if its sleeping in another room.",Safety
1971,"My car to start warming up on my schedule, I don't have to do the remote start manually each workday morning..",Other
1972,"my walls to change different colors easily, i can be visually stimulated and perhaps listen to music with the lights on.",Entertainment
1973,"a sensor that will tell me if the house smells bad, i won't offend people and will always be fresh.",Health
1974,"automatic extra water heater, I have enough hot water for a morning shower.",Health
1975,"a feature that will power down unused items, i will save money and help the planet.",Energy
1976,"a fridge that monitors my supplies, I know what ingredients I have to work with.",Health
1977,"wall outlets to turn off power to idle applicances, appliances don't waste energy, lower bills.",Energy
1978,"my mattress to heat up at the same time my thermostat cools down, I can be warm when I go to bed.",Health
1979,"a chair that will cool me, i can play games without overheating.",Entertainment
1980,"my phone to signal when my team scores, I can be alerted to a change in score.",Entertainment
1981,"a closet that suggests outfits based on my preferences, I can get dressed faster in the morning.",Other
1982,"ability to automatically adjust solar panels throughout the day to get best energy production, I use less grid power.",Energy
1983,"an automatic door lock/unlock application, I can unlock/lock doors with a touch.",Safety
1984,"windows that dim automatically if a stranger is coming to the door, I can hide from solicitors and proselytizers.",Safety
1985,"a 360 roaming camera around my house, i can see what is going on without being there and it won't be just stationed in one corner.",Safety
1986,"alarm to tell me when air con filters need changing, inside air is better and use less energy.",Health
1987,"to know if there is wine in the fridge, I can know whether I need to stop at the store.",Entertainment
1988,"my smart home to sense when to and water my houseplants when they need it, i won't have to remember.",Other
1989,"a thermostat that monitors my sleeping and adjusts the temperature according to my sleep cycle, I can save money by having the heat go down when I am asleep but so that if I wake up I will be warmed up soon..",Energy
1990,"a button to press that will deliver groceries/pizza, I don't have to drive in traffic.",Entertainment
1991,"central vacuuming that turns on automatically but senses if someone's in the room first, I don't have to vacuum.",Other
1992,"ability to lock all doors and windows instantly (phone app or hot button), to keep occupants safe.",Safety
1993,"my smart home to automatically vacuum the floors daily while I am at work, the floors will always be clean.",Health
1994,"lightbulbs that adjust to my activity such as reading a book or watching a movie, I don't waste money on electricity when I don't need it but can see well enough when I do need it..",Energy
1995,"gutters that clean themselves, I don't have to get up on a ladder..",Other
1997,"a plant sensor that tells me when certain plants need watering, they don't die. I always end up killing them..",Other
1998,"a special chip on pet collar to know if pet is inside house or not, pet is safe.",Safety
2000,"my smart home to sense when my pet approaches the pet door and open for the pet to go out and come in, the pet door will not allow access to break ins but only allow my pets in and out.",Safety
2002,"ceiling fans to come on automatically, air will be circulated for constant temp and comfort.",Health
2003,"room for video games, i can play games all the time.",Entertainment
2004,"my smart home to sense my approach and start cooking my dinner, it will be ready shortly after I arrive home.",Other
2005,"my shower to turn on when my alarm goes off., My shower will be warm when I get up..",Energy
2006,"my radio to turn on when I go into the backyard, I can enjoy music when I am outside.",Entertainment
2007,"a back scratcher, for my cats.",Entertainment
2008,"my smart home to alert me if my hot water heater leaks, it doesn't cause water damage in my house or mold.",Safety
2009,"a medicine cabinent, i can keep my medicine organized..",Health
2010,"security cams to automatically record when strage movement happens at night, video of the matter can be obtained.",Safety
2011,"a treadmill, i can workout.",Health
2012,"smart home to sense when my car needs to be washed and wash it in the modified garage using recycled water, my car is always clean and water is not wasted.",Energy
2013,"the dishwasher to start when it's most efficient to use electricity, I can save on my bill.",Energy
2014,"sprinkler system, i can feel safe about fires.",Safety
2015,"my smart home to warn me about carbon monoxide levels in my living room, when the fireplace is used, it doesn't cause carbon monoxide poisoning.",Safety
2016,"safety locks, so my kids are safe.",Safety
2017,"watering system to get info from local weather stations, lawn watering can automatically adjust itself to local conditions and conserve water.",Energy
2018,"solar roof, i have efficient power.",Energy
2019,"gas stove, to save energy.",Energy
2020,"a sports room, i can appreciate sports.",Entertainment
2021,"my smarthome to automatically clean and sanitize my shower and bath at the end of the day, I will never have to clean the bathroom again.",Health
2022,"an art room, i can admire my collections.",Entertainment
2024,"a sound system, i can listen to music in other rooms.",Entertainment
2025,"to be able to tell how much heat or air conditioning is being lost from my apartment through non sealed areas, I can better control my energy bills.",Energy
2026,"intercom, i can hear my children in the other room.",Safety
2027,"automated feeding, my pet can be fed when im not here.",Other
2028,"my smart home to warn me when the garage door is left open, I don't forget to close it at night.",Safety
2029,"to know when my doors are locked remotely, I can notify my landlord to lock them.",Safety
2030,"my washing machine to sound when it's finished washing, I can put it in the dryer.",Energy
2031,"an audible warning when home power use begin to exceed a set maximum, occupants can learn to conserve energy better.",Energy
2033,"my smart home to include a closet that automatically pulls together my clothing outfit for each day on my voice command, I don't have to think about it.",Other
2034,"hot water sensor, i know if the water is too hot for my child.",Safety
2035,"my dryer to sound when the clothes are finished drying, I can take the clothes out when they are done.",Energy
2036,"an alarm that will detect leaks in the house, I can stay safe.",Safety
2037,"a notification when my trash is picked up, so i can bring in my barrels.",Other
2038,"to know the power consumption of provided appliances, I can replace the ones that use too much power.",Energy
2040,"my smart home to alert me if water is left on outside, I can save money on my water bill during the summer.",Energy
2041,"a monitor for meat and perishables in the fridge, nothing goes bad and makes us sick.",Safety
2042,"to know when there are dogs loose in the apartment complex, I can keep my pets safe.",Safety
2043,"Heated flooring to turn on an hour before I wake up, the floor won't be cold when I step on it.",Other
2044,"my christmas lights to go on at sunset, the house looks pretty.",Entertainment
2045,"an alarm that tells me if a baby is awake, I can check on it.",Safety
2046,"to be able to start my slow cooker or oven remotely, dinner is ready when I get home..",Other
2047,"A stove that responds to voice commands, I can pre-heat the oven without having to do it manually.",Other
2048,"my smart home to alert me if a window is left open, I don't forget to close them at night.",Safety
2049,"my fridge to tell me when I am running low on food, I can restock.",Other
2050,"my smart refrigerator to sense variations in temperature and alert me if maintenance will soon be required, I'm not caught with a broken fridge and lose all my food.",Health
2051,"RFid scanner for pet to enter house through doggie door, i dont have to open door.",Safety
2052,"to know the amount of time my vegetables have been in the fridge, I can use them all before they go bad.",Health
2053,"My windows to set an alarm if they are opened after a certain time when the alarm is set, I can be safe.",Safety
2054,"A stove the will move the racks automatically, I don't have to move them myself.",Energy
2055,"my tea to brew and be ready for my wakeup, it is ready.",Other
2056,"my drains to be automatically cleaned regularly, water doesn't back up.",Safety
2057,"my smart home to alert me if movement is detected outside, I can be safe at night from prowlers.",Safety
2058,"a television that automatically turns off after an hour, my child will stop watching television and do something else.",Entertainment
2059,"recipes featuring what i bought through instacart this week, i can make something delicious.",Other
2060,"to know the decibel level of my amp throughout my apartment, I know when they cops are coming..",Entertainment
2061,"my smart home to alert me when the mail is delivered, I don't have to watch for the mailman.",Other
2062,"to be able to control the humidity in my home, my strings stay in good condition.",Entertainment
2063,"my washer and dryer to automatically clean, dry , and fold the laundry, all I do is put it away.",Energy
2064,"my smart home to alert me when packages are left on my door step, nobody steals them.",Other
2065,"suggestions for recipes based on what's in my home, I can have new and interesting ideas at my fingertips.",Entertainment
2066,"a daily readout of utility useage per zone (kitchen, bathroom), I can learn how to save energy and lower bills.",Energy
2067,"my smart home to alert me if a freezer gets too warm, my food doesn't spoil.",Energy
2068,"music that turns on when I enter the room, I can hear music in whatever room I'm in, but turn it off in rooms I'm not in.",Entertainment
2069,"my smart home to alert me if an outside light is left on, I don't waste electricity.",Energy
2070,"my smart home to monitor the moisture levels in the soil throughout the yard and water only the plants that need it using water from a rain barreil system, no plant gets water unless it needs it.",Energy
2071,"a tv that remembers what each family member likes, I see my favorites, not the kids'.",Entertainment
2072,"a way to track each family member's energy use, we can compete to use the least.",Energy
2073,"to know when my child arrives home from school, I can have peace of mind knowing they're safe..",Safety
2074,"the refrigerator to shut off when the door is opened, I can save on electricity.",Energy
2075,"to be alerted when my child moves in their crib, I can check the monitor to ensure their safety..",Safety
2076,"to be alerted if my water usage goes over a predetermined amount, I can save money on the water bill and be more efficient..",Energy
2077,"Sockets that automatically cut off power supply if less than a certain voltage is being drawn, so that when pets chew wire, they're less likely to be electrocuted, my small pets can be safer from electrocution.",Safety
2078,"heated porch and sidewalk when forecast predicts 100% chance of snow, snow can be melted instead of shoveling, saving us time and energy. Also, snow can be cleared if homeowner on vacation.",Other
2079,"something to detect drafts near windows and doors, I can address the draft problem and be more energy efficient, and keep a warmer home..",Energy
2080,"an emergency autodialer that I can use with my voice, I can quickly call for help in an emergency..",Safety
2081,"Shower floor that beeps at a certain temperature, I can turn on the shower for it to heat up, and be alerted when the shower has warmed up even if I leave the room to do something.",Energy
2082,"to be alerted when my plants need more light, food or water, my plants don't die..",Other
2083,"A stove that can remotely disable my smoke alarm, when I set off the smoke alarm cooking, I can turn it off without leaving the stove (which itself is a fire hazard).",Safety
2084,"A water boiler that automatically defaults to Vacation Mode (and lowers the heat setting) if water has not been used for 3 days, when we leave suddenly for vacation, we are not wasting gas heating up water that wont be used.",Energy
2085,"my home to alert me when my pet leaves something behind on the floor, I am alerted to when I need to clean up to prevent odors..",Other
2086,"to be alerted of critters sneaking around at night, I know where to bait traps..",Health
2087,"crying specifically identified, I know when someone is hurt and needs me..",Safety
2088,"a remote activated package slot with camera that mailmen can use to drop packages in. Mailman can press a button, which video calls my phone. If I can confirm that it is the mailman, I'll remotely open the package drop for mailman to place package in, I don't need to worry about packages getting wet or stolen if I am not home to receive them.",Safety
2089,"a fridge that automatically knows what I put in it by scanning the barcodes of food and tells me what I have at the push of a button, I know what I have, and food does not go to waste.",Health
2090,"to know my internet connection status, I have a good signal constantly.",Entertainment
2091,"smart garbage can that scans barcodes of what I throw out, and if it is a regularly used product (paper towels, eggs, bread bag,) puts them on a the ""to buy""/grocery list so I wont forget, I will not forget to buy oft-used staples for the house.",Health
2092,"to know if my EV is charged fully or how much time is left for full charge, I know if I can take a trip yet.",Energy
2093,"motion detction in the garage, I know about intruders stealing my car..",Safety
2094,"A shower that automatically self sprays with an anti mildew solution after I exit the shower, I can clean it less often and prevent mildew growth.",Health
2095,"to know how much power is currently being consumed by appliance, I can adjust my power usage accordingly.",Energy
2096,"odor detection in the fridge, I can dispose of rotten food.",Health
2097,"a bathroom that automatically heats up when the humidity rises and after showers to dry the air and bathroom contents, my towels and the bathmat can be dried after I use the shower. Also prevents mold from growing.",Entertainment
2098,"to be able to see all rooms and outside of my home via cameras, am aware of what's happening around me.",Safety
2099,"underwater surveilance, i know when someone is taking a swim.",Safety
2100,"to be able to control my AC via my smart phone, I can save power and at the same time adjust a comfortable temperature before arriving home.",Energy
2101,"My refrigerator to tell me when I am low on foods I use often,, I will never run out.",Health
2102,"an invisibility code, I can walk around and avoid all detection.",Other
2103,"walls that can be set to reduce noise levels, you can be undisturbed by others noises..",Other
2104,"to have a sensor in the yard and on all the doors and windows, I can know if someone is trying to gain access to the house in the middle of the night..",Safety
2105,"to control my solar panel with my smartphone, I can make sure there is enough power for the night.",Energy
2106,"my work computer to turn on at a set time each day, I am never late logging in for work..",Other
2107,"to control all lights with my smartphone, I can conserve energy.",Energy
2108,"to be alerted if air quality in my home becomes poor, I can address the problem and be healthier..",Health
2109,"lock and unlock my front door via my smartphone, I dont have to hassle with key.",Safety
2110,"my tv to allow me to order food for delivery with my voice, it will make it easier for me to provide a meal for my family..",Other
2111,"smoke detectors that pop up with a map to fire extinguishers, in case of fire you know where to go and what extinguisher you want.",Safety
2112,"doors that automatically lock after a certain tim, my home is safer..",Safety
2113,"control my blinds with a remote, adjust the light coming in during the day and provide privacy at night.",Energy
2114,"A robot that I can program that will chase out animals when they are in my yard, I can keep my yard clean and free of animal waste..",Health
2115,"to be able to feed  my cat even when I am not home with an internet enabled feeder, he does not starve when I am away.",Safety
2116,"to monitor my smoke detectors via my smartphone, I am sure my home is safe.",Safety
2117,"A lock installed on the refrigerator that is voice activated, my daugher will stop opening and closing the doors and getting into things..",Safety
2118,"Storage bins that organize, fill and arrange themselves, my kids toys aren't scattered about to trip over..",Safety
2119,"My home to turn on the lights when I come home and turn off the ones I'm not using when I leave a room,, I can save on my energy bill..",Energy
2120,"My home to monitor my energy use and turn the thermostat up or down according to my preferences, I can save money on my gas bill..",Energy
2121,"my home to shake the beds of my two older kids to wake them up in the morning,, they will actually get up and not be late for school..",Other
2122,"an alert if a tv is turned on after 9 PM, I know if my kids are watching tv when not allowed..",Entertainment
2123,"the fridge to beep if it's left open, we don't waste energy..",Energy
2124,"my oven to tell me when something I am baking is done,, I won't leave the oven on too long and use too much power..",Energy
2125,"the lights to go off if there is movement in an hour, we can save energy.",Energy
2126,"the tv to turn on when I get home, I can immediatly have it to make me feel entertained.",Entertainment
2127,"the doors to automaticly lock after i enter or leave the house, I am reassured they always locked when I am home or not.",Safety
2128,"automatic dust elimination, the house does not accumulate excessive amounts of dust.",Health
2129,"the washing machine to judge how long it needs to run base on size of the load, I dont have to figure it out for myself.",Energy
2130,"smoke detectors that send a message to my phone if they go off when im not home, I know immediatly if anything happens.",Safety
2131,"timed meal preparation, nutritious meals are always available after a long day.",Health
2132,"teen child monitoring, I'm assured my child is home at appropriate hours.",Safety
2133,"an alarm to remind me remind me to eat at regular times, I can be healthier.",Health
2134,"voice recognized play list, I can speak my music desires and they will automatically play.",Entertainment
2135,"automatic toilet cleaner, The toilets are always immaculate with no intervention.",Health
2136,"my fridge to catalog what I put in it and create a menu plan, I eat a more balanced diet..",Health
2137,"a feature that alerts me the sites my child visits, I can monitor what they are doing.",Safety
2138,"mood smells, foods, nature, the home smells a certain way, based on my moods.",Health
2139,"automatic window cleaning, all window elements in home are always crystal clear.",Health
2140,"a perimeter alarm, I know when anyone has crossed into my property.",Safety
2141,"automatic car start up, automobile is toasty warm and defrosted during winter months.",Energy
2142,"wardrobe suggester, Appropriate wardrobe is chosen based on weather and ocassion.",Entertainment
2143,"special ocassion notifier, my husband is always reminded of special ocassions and events.",Entertainment
2144,"programmable sinks, I can choose the temperature of the water before turning the faucet on..",Other
2145,"a smart oven, the oven could let me know if somehting was being over cooked or when cook time was over via text or email.",Other
2146,"a pet activity monitor, I can use my phone to see where the dog is at anytime..",Safety
2147,"smart water meter, if a pipe springs a leak I'll know right away..",Safety
2148,"moveable content, my show or game would follow me from to screen to screen around the house.",Entertainment
2149,"house with an attractive voice, I will have social contact with no social pressure.",Entertainment
2150,"automatic food discpensers, I could feed my pets remotely.",Other
2151,"automatic windows, I could have the windows open to let fresh air from my phone.",Health
2152,"programmable locks, I can let my friends into my house without getting up.",Safety
2155,"my dvr, tv, and all networks (verizon, internet, and Netflix) to work seamlessly, I don't have to figure out what needs to be done to watch what I want.",Entertainment
2156,"my house to know when people come and go, I can know who is here and feel secure.",Safety
2157,"each room to feel comfortable, temperature and humidity wise, each room is comfortable.",Energy
2158,"my curtains and lights to adjust to morning, afternoon and evening, each room is inviting and energy efficient.",Energy
2159,"for my house to notify me if my dog is barking or being disruptive, it will not bother my neighbors.",Other
2160,"a fence that can let me know if the kids leave the yard, safety.",Safety
2161,"my house to help me know what I need for dinners, can be prepared to cook when I get home.",Other
2162,"my a/c and heater (or other appliances) to let me know when they need service or maintenance, I will not have repair issues (or less).",Energy
2163,"my toilets and sinks to clean themselves on a schedule, I will not have to clean them as often.",Other
2164,"my seasonal decorations to be able to be plugged in, I will not have to run extension cords all over the place.",Safety
2170,"A thermostat that turns on as I wake up, I am more comfortable in the morning.",Energy
2171,"An air conditioner that detects when my dog is in the room, My dog is comfortable.",Energy
2172,"Doors that lock after half an hour, I am safe.",Safety
2173,"Windows that lock, I feel safe.",Safety
2174,"An oven that shuts off when empty, my house keeps cooler..",Energy
2175,"Speakers wired into the walls that I can control my voice, So I can listen to music/tv while walking around the house.",Entertainment
2176,"lights that turn on when someone approaches, so that I can see people outside my home.",Safety
2177,"A doggy door that senses my dogs collar, Let my pet in and out without letting in other animals.",Safety
2178,"Lights that turn on as I unlock my door, I can feel more welcome as I come home.",Other
2179,"daily reminders, so that I don't forget things.",Other
2180,"improved security, I do not have to worry about a burglar..",Safety
2181,"an intelligent oven, I do not have worry about setting timers and the oven's temperature..",Other
2182,"to be alerted every time someone goes into my room, I know if someone is invading my privacy.",Other
2184,"to be able to watch the children from the kitchen, I can know that they're ok.",Safety
2185,"the TV to turn off when my laptop is on and vice versa, I can study better and focus on one thing at once.",Other
2186,"to be able to alert others about where the cat is, he doesn't run outside.",Safety
2187,"an automatic shower cleaner, I do not have to clean the drain and shower.",Health
2188,"a smart thermostat that bases the temperature on the temperature near me, I can maintain a perfect temperature..",Energy
2189,"to be alerted every time someone tries to use my computer, I know if someone is invading my privacy.",Other
2190,"an automatic food dispenser, I can feed my dog at the same time every day when I am not home.",Other
2192,"to be alerted when the delivery person is at my house, I can know when they get here.",Other
2193,"to be able to find shows similar to what I am looking to watch, I can avoid looking through every channel on the TV guide.",Entertainment
2194,"to be alerted every time the back door is left unlocked, I can lock it.",Safety
2195,"to be alerted every time I am talking too loudly at night, I can be quieter so my parents can sleep.",Other
2197,"windows that automatically open and close, I can adjust them when I am not home if it is raining, etc..",Other
2198,"The shower to begin on a voice command, it can reach the proper temperature before I enter it..",Health
2199,"to be alerted every time my children get into the sweets, I can stop them from overeating.",Health
2200,"an automatic fireplace lighter, I do not have to waste time with matches.",Entertainment
2201,"to be alerted every time my outside cat comes to the door to be fed, I can feed him.",Other
2202,"sensors in the driveway that detect car movement, I will be alerted if my car is stolen.",Safety
2204,"advance notice, I can tell that parents/guardians are coming home and that the door unlocking at any other time could potentially be dangerous..",Safety
2205,"to be alerted every time it's being used, I can plan.",Other
2207,"lights to change color, I can express my creativity..",Entertainment
2208,"My doors to sense automatically when my smart phone is within a certain distance from the front door and unlock themselves., I don't have to use a key anymore..",Energy
2209,"the floors to heat up on cold mornings, I can be warm..",Health
2210,"my smart home to let me know when my kids put something they shouldn't in the toilet., I don't have to call a plumber!.",Other
2211,"an alert when someone is near the pool, I can be attentive..",Safety
2212,"My home thermostat to automatically adjust to my body temperature, I don't ever have to adjust the temperature up or down.",Energy
2213,"Christmas lights to be set on a timer, I can save energy..",Energy
2214,"my smart home to start my coffee when my alarm goes off., I will have hot coffee and not have to worry about resetting the timer on the coffeepot every night..",Other
2215,"To be able to remotely turn my consoles on a stream my games to any tv in my house, I can game anywhere.",Entertainment
2216,"my smart home to let me know if I left the oven on, the house does not burn down.",Safety
2217,"wi-fi to turn off at a certain hour, children get off their devices.",Entertainment
2218,"My refrigerator to notify me when an object has been inside more than four days, Less food goes to waste and things get thrown out or used before they spoil.",Health
2219,"my smart home to fully power down any device that is not in use for more than 30 minutes., I can save electricity..",Energy
2220,"the outlet to be shut if not a certain amount of wattage has moved through in predetermine time, save energy from phantom drain.",Energy
2221,"Automatic flushing toilet, I wont have to flush potentially spreading germs as I touch the handle.",Health
2222,"kitchen which tracks supplies by weight, it can remind me when I'm getting low on items..",Other
2223,"my smart home to tell me if the garage door is open or closed, I know if the house is secure.",Safety
2224,"appliances to not turn on when I am not home, fires cannot start..",Safety
2225,"My shower to notify me when there is no hot water left in the hot water heater or approximately how many minutes of hot shower time I have., I don't have to suffer through a cold shower and I know how long I need to wait..",Energy
2226,"a refigerator that can tell me when my store bought food will expire, to reduce possible contamination and negating having to check.",Health
2227,"alerts, I can tell if too much energy is being expended..",Energy
2228,"my smart home to respond to voice commands to open or close the garage door, I don't have to go and close it at night, if it's open.",Safety
2229,"the smarthome to assess the temperature outside and adjust the inside temperature appropriately, I can feel more comfortable when the weather changes quickly..",Energy
2230,"my smart home to text me when my kids come home from school, I know they're safe.",Safety
2231,"the door bell to have an option send a text message rather than ring, I do not wake other people asleep in the house when someone comes to the door.",Entertainment
2232,"a smarthome to alert me when a young child upstairs is too close to the stairs, my child stays safer and I can have more peace of mind.",Safety
2233,"blue light from electronics to be reduced after the sun goes down, I can sleep better at night..",Health
2234,"my smart home to automatically shut off all video games after 45 minutes of play, my son doesn't sit there all day and play games while I'm working.",Entertainment
2235,"the rooms to be pre-heated or cooled when more energy is usually available, it is cheaper to cool or heat the house during high energy usage hours..",Energy
2236,"an alert when someone comes to the door, I can see who is there..",Safety
2237,"smarthome feature that alerts me when any medium or large animals are near my house outside, I can feel safer when I let my small dogs out at night.",Safety
2238,"my smart home to let me know when I'm running low on pantry and refrigerator staples, I will have a list ready when I go to the store.",Other
2239,"Kitchen that can produce recipes based on the food I have bought from the store, I can try new foods.",Entertainment
2240,"an alarm on my door, I can tell if my annoying brother or sister tries to come in my room..",Entertainment
2241,"smarthome feature that turns on preselected music/news/audiobook/etc. when I turn the shower on, I can easily enjoy something to keep my attention while taking a shower..",Entertainment
2242,"an alert when someone is near the stairs, I can be attentive..",Safety
2243,"Soft lights on the floors of hallways at night, I am not blind trying to vemture anywhere in house at night with the lights off.",Safety
2244,"My washer and dryer to alert me on my smart phone or through my smart home when a laundry cycle is done, I automatically know when to change my clothes over even if I'm in a different part of the house or even somewhere outside..",Energy
2245,"a bath tub that can sense the present temperature of the water in it, one can see if the tub is too hot or to cold, and alert me accordingly.",Safety
2246,"smart features attached to appliances such as the oven, microwave, gun safes, children would not be able to access their functions without voice commands provided by parents..",Safety
2247,"feature where the smarthome sends an alert to my smartphone when the laundry is almost done, I can quickly take the clothes out while still warm.",Energy
2248,"smarthome feature that closes the blinds in my bedroom when it gets lighter outside, then opens them back up at a certain wake-up time, I can leave my blinds open to see the sky as I go to sleep but won't be woken by early morning sunlight, but will get the sunlight when I should wake up..",Health
2249,"automatic windows, the home gets fresh air when the weather is suitable for windows to be open..",Health
2250,"To be able to start up and track any and all appliances in my house from my smart phone including turning on or adjusting the heat on the stove, operating the washer, dryer, shower, microwave, etc., I can manage my time better. I.E. I'm in a different part of the house and I hear a pot on the stove boiling over, I can turn it down to a low setting..",Energy
2251,"smarthome feature that will sense when a person is in the room and quickly heat/cool it, I can save energy when no one is in a room but can quickly and easily make a room comfortable as someone enters it..",Energy
2252,"a security system which can be set to account for visitors, a person opening the door to the wrong person would set an alarm if the occupant did not clear that person's entry.",Safety
2253,"My smart home to be prompted to ask me when I get home if I would like to listen to music, and allow me to select what I would like to listen to through a verbal menu., I can get music conveniently and easily, and save more time for relaxing after work..",Entertainment
2254,"an alert/light on/noise made from my smarthome when a living animal comes near my garden at night, I can prevent my garden being eaten up by animals such as deer..",Health
2255,"sensor lights, lights will open when dog is eating.",Other
2256,"smarthome feature that alerts me when certain cabinets are being opened, I can help keep my children from getting into anything dangerous by accident.",Safety
2257,"a system which tracks all the movies currently available across all of my devices, I can easily access my favorite movies.",Entertainment
2258,"my smart home to let me know if I've left clothes in the washer for too long, they don't get that nasty funk.",Other
2259,"smarthome feature that wakes/turns on my computer at a certain time and pulls up websites I specify, I can be ready to get on and work straight away when I'm ready without leaving the computer on all night..",Entertainment
2260,"a screen to be projected on any wall or perhaps like a hologram in any room including the shop or shed, can keep aware of work that comes up wherever on the place I am.",Other
2261,"my home to track my medication usage, it can remind me when to take medication.",Health
2262,"a furnace that can sense the temperature in multiple rooms, hut off vents in rooms based on user preference for that room.",Energy
2263,"to be able to tell the house I am going to take a shower or bath and for the hot water to be prepared in advanced, When I enter the bathroom I can immediately take a shower or bath without having to wait for the water to warm.",Entertainment
2264,"bathtub faucet controller, bathtub water can be opened without bending down..",Health
2265,"the ability to sense and shut off multiple elements based on heat usage, I do not need to heat up all of the elements when only need to heat a couple of degrees, thus saving money.",Energy
2266,"Unused or unneeded electronics to automatically be placed on a low power mode, Unneeded energy not be wasted.",Energy
2267,"have an energy usage graph provided, have a log of best use of energy and suggestions of settings that would save even more..",Energy
2268,"automatic gutter cleaner, gutters can be cleaned on a regular bases.",Other
2269,"My smart home to automatically work to put out fires if one should arise. When the smoke detector goes off, I want there to be a sprinkler system or a high pressure hydraulic system in place that will work to at least fight the fire if not put it out completely. I imagine a future filled with ""fireproof houses"" In this future our smoke detectors are going to need to be a lot better to avoid them going off at happenstance times or malfunctioning. But I would much rather my stuff be soaked in an instance like this than for my house to be completely destroyed by a fire., The home remains safe.",Safety
2270,"a feature tied to my dishwasher and/or washing machine with an ability to run the machines automatically during low usage times., I pay lower water bills.",Energy
2271,"Wireless Charging of phones, Phones don't need to be tethered to wall sockets while charging.",Entertainment
2272,"noise played when visitor is approaching home, it keeps the home safe when no one is home, busy or sleeping.",Safety
2273,"which tracks the usage of electronics in the house, we can review and limit certain electronics usage for children.",Entertainment
2274,"moisture detection, leaks are fixed before something major happens.",Other
2275,"Every single item and appliance in my home to have advanced safety features in the event of a break in. Since every item is smart, all my appliances, my TV, etc should be able to communicate or send alerts to my smart phone in the event that someone in my house is tampering with them. Maybe a smart phone alert when something becomes unplugged, for example. Combined with a full series of motion sensor and body heat detection features indoors, and outdoor security features such as automated cameras, I envision the future of the ultimate secure smart home., Our home can be safe and burglary free..",Safety
2276,"garage door controller, open/close garage door.",Other
2278,"a circuit panel with smart sensing abilities, it will ready how much electricity is used per circuit, and alert if the breaker is tripped.",Energy
2279,"the smart house to warn me of local emergency warnings (and make preparations based on threat level)., I can be advised of emergencies as early as possible.",Safety
2280,"home appliance universal remote, I can remotely control electronic devices throutout the home.",Other
2281,"scan function, all beings in the home regardless of room would be scanned with a new sonar-like function for life threatening bio changes and appropriate alerts triggered for such things as temp spikes, blood pressure crisis, etc.",Health
2282,"be able to close any door in the house from anywhere in the house, I can have safety and privacy.",Safety
2283,"remotely access camfeeds, I can check in on elderly parents and pets.",Safety
2284,"plant moisture detector, plants are watered in a timely manner.",Other
2285,"the house to block out sounds from outside my room when studying, I can have peace and quiet when working.",Entertainment
2286,"My smart home to have a dish washer that communicates when the dishes are done either through my smart phone or through the smart home itself. Perhaps a self loading soap system where instead of loading the machine for every cycle i'm able to load multiple soap packets and it will automatically go through them until it's empty. I should be to check the status of the machine(full, empty, needs to be run, finished running) at any time., It's more convenient for me when washing dishes..",Energy
2287,"a refigerator that can tell me when my store bought food will expire, to reduce possible contamination and negating having to check.",Safety
2288,"a sensor that will notes when people are within a certain perminitor of the house, if I am not home, a speaker can randomly play back conversation to create the illusion that someone is home.",Safety
2289,"an air purifier that notes when doors or windows are open, it will shut off when the house is not closed up.",Health
2290,"shields or screens  for windows, they can automatically be deployed to shade/insulate windows or sides of the home to reduce heat gain from the sun in the summer or heat loss in the winter especially when everyone is sleeping or no one is at home or in that section of the home..",Energy
2291,"sensors in all rooms, if someone falls or cries out for help assistance will be forth coming..",Safety
2292,"the ability to remotely tell what doors or windows are opened or closed in a house, I can be alerted if the doors are opened when they should not be (e.g., a child is trying to sneak out)..",Safety
2293,"algorithm suggestions, in any room suggestions like because you choose this _____, you might also enjoy ______.",Entertainment
2294,"any room reminders, notices for vitamins, medicine or energy drinks schedules won't be missed.",Health
2295,"to be able to tell the room how bright I want it, I can dim or turn off lights without needing to get out of bed.",Entertainment
2296,"the ability to tell a door in a room to open or close, plus lock, I can walk into or out of a room when my hands are full.",Entertainment
2297,"smoke, slippery floor, etc detector, that would warn of danger in a room and or in a room about to be entered.",Safety
2298,"flea sesors, I will know as soon as my pet has a flea.",Health
2299,"my ac to turn off when I leave home, I'm not wasting energy when I'm running errands..",Energy
2300,"voice command video, when a special moment is about to occur I won't have to hunt up a camera or phone to capture the moment. Also this way everyone can be included instead of the camera operator being left out..",Entertainment
2301,"oven to text my phone, I know when food is done cooking and don't burn anything..",Safety
2302,"my fridge to remind me to buy fruits and vegetables, I can keep health food in the house..",Health
2303,"fridge to let me know when food is going bad, I can eat it to keep from wasting food..",Health
2304,"to be able to shut off power in a part of the home that is not occupied, I save on energy in guestrooms etc..",Energy
2305,"my doors to lock and unlock by voice recognition, only certain people can enter my home..",Safety
2306,"my tv to automatically continue a program from my iPad, I can continue watching where I left off..",Entertainment
2307,"my remind me to drink water, I can be healthier.",Health
2308,"to only warm occupied rooms in the winter, I can save on heating cost..",Energy
2309,"built in bluetooth or wireless speaker in all rooms., if I'm moving around, music will follow me from room to room..",Entertainment
2315,"to know when my pets have to go to the bathroom, I can take them out before they poop in the house.",Health
2316,"to know when my dog food supply is low, I can buy more dog food.",Health
2321,"to know when my home has an unauthorized entrant, I am safe.",Safety
2322,"all lights in the house to respond to voice commands, I can easily turn them on and off when entering or leaving a room at night..",Safety
2324,"to keep temperature within reasonable costs, I have low energy costs.",Energy
2325,"to wake wife up by 8 am, wife doesn't oversleep.",Other
2326,"to be able to program the entertainment system to turn on according to a pre-set schedule, I can always be sure not to miss certain shows and sporting events..",Entertainment
2327,"a comfortable temperature, the temperature doesn't vary between 68-76 degrees.",Energy
2328,"lights to remain on only when needed, lights go off when not in use.",Energy
2329,"coffee to brew before it is needed, coffee is ready to drink asap.",Energy
2330,"to be able to easily check if all doors in the house are locked via an app or voice command, I can be sure my family and belongings are safe at night or when away from home..",Safety
2331,"alcohol supplies to be maintained., there is sufficient alcohol..",Entertainment
2332,"a computer to keep track of my calorie intake/outake, I lose weight.",Health
2333,"offer the best video games, the best video games are on offer.",Entertainment
2334,"to be able to calculate my energy savings by doing certain tasks such as drying laundry on a clothesline, I can quantify the results of my energy-saving decisions..",Energy
2335,"to  break even gambling, I don't do irreparable damage to my finances.",Entertainment
2336,"to monitor pollen levels within the home or around the exterior, I can plan ahead and take medications if necessary..",Health
2337,"to be able to bet, I can win when I bet on a fighter.",Entertainment
2338,"to listen to punk rock, so I can listen to punk rock.",Entertainment
2339,"to listen to the best electronic music, I hear only the best electronic music.",Entertainment
2340,"to bake, my baked goods are considered delicious.",Entertainment
2341,"a smarthome that delivers messages and responds to commands in multiple languages, all members of my family can easily take advantage of such features..",Safety
2342,"fantasy LARP enthusiast, live action roleplaying is considered fun.",Entertainment
2343,"a water heating system that can be set to the exact degree, we eliminate guesswork when filling a bathtub with water of an appropriate temperature..",Health
2344,"a heating system that activates in the kitchen or bathroom according to the time set on an alarm clock, during the winter it is easier to get out of bed and start the day in a cold house..",Health
2345,"digital, voice activated timers in certain areas of the house, I can easily ensure that I am brushing my teeth for the appropriate amount of time, cooking something long enough, etc..",Health
2346,"the ability to lock and unlock the front door of my house with a simple touch if the ""key"" is on my person (as in some cars), Coming and going from home at various times, in a variety of weather conditions and/or with my hands full is simple..",Safety
2347,"all cabinets, kitchen drawers, and stair gates to be locked when children are playing, they don't get hurt.",Safety
2348,"my bedroom humidifier to turn on at 11pm every night, I can sleep comfortably through the night.",Other
2349,"food dispensed into my bowl 3 times a day, I will be fed when my owners are out.",Health
2350,"the floors to be heated when the temperature goes below 65 degrees F, the rooms can be warm and cozy.",Energy
2351,"there to be a cap on the water pressure in the kitchen sink, when people wash the dishes they won't blast the water and waste it.",Energy
2353,"a sliding shower head that adjusts to height, my children can take a shower on their own.",Safety
2354,"eye detection locks, if I forget my keys, I won't get locked out of the house.",Other
2355,"face detection for people who come to the front door, I can know who it is before answering the door.",Safety
2356,"transformable stairs that become soft and bouncy when people slip and fall, when they do fall, they will have something soft to land on and not get hurt.",Safety
2357,"pest detection, when raccoons and squirrels come to attack my plants, they will be warded off.",Other
2358,"my home to be able to sense when I have a fever, the climate control can be adapted to assist with the chills..",Health
2359,"my refrigerator to know how long my food has been inside, the food doesn't go to waste..",Health
2360,"my smarthome to have the ability to connect and upgrade to the latest standards, I can keep up with the latest available technology.",Entertainment
2361,"my entertainment system to integrate with my Steam accounts, it can show me suggestions for what I might want to play in the future..",Entertainment
2362,"my bathroom to have motion sensors, if I fall in the tub/shower, help can be contacted.",Safety
2363,"the tech in the home to be as recyclable as possible, when new standards and pieces are available, the old equipment won't be sent to a landfill..",Energy
2364,"a self-cleaning litter box that doesn't make noise, the risk of disease is diminished and my cat won't attack the automated scoop. (Her last automated litter box caused me great pain.).",Health
2365,"the tech in the home to be as efficient as possible, the energy lost due to heat can be minimized..",Energy
2366,"stairs that can detect when someone has fallen down, help can be contacted..",Health
2367,"a home that can hide mail and cycle lights in the home, my house doesn't appear to be empty, and thus a good target..",Safety
2369,"Day and night detecting blinds and curtains, The sun will be let in during the day and the windows will be unable to be seen through at night.",Safety
2370,"Products that are easily moved to a new residence, I can benefit from the products while still being a renter..",Energy
2371,"an automatic pet door, my animals can let themselves out easily without letting drafts in when they are not trying to go in and out..",Energy
2372,"windows that have a frost option, I can turn the frosting on or off to suit the situation and still let light in when I don't want others to be able to see inside easily..",Safety
2373,"automated lighting in closets, when  I open my closet door, the light automatically comes on so that I can see adequately.",Energy
2374,"Doors and windows that notify me if they are opened while armed, I can be notified if there is a break-in to my home..",Safety
2375,"Automatic lighting in each room, so that I never have to stumble in the dark.",Safety
2376,"centralized command center with voice activated automation, I can control my smart home without remotes using only vocal commands.",Entertainment
2377,"refrigerator barcode scanner, I can scan items as they are removed from the fridge and they will be automatically placed onto my shopping list..",Entertainment
2379,"digital thermostat control for my shower and bath water, I can always have water that's the same temperature every single time and can adjust accordingly so no more hot and then cold in and out of the stream until you find the right setting..",Energy
2380,"my toaster to send me a text, i can know when the toast is finished without looking at the toaster.",Health
2381,"an arm that automatically pays the pizza driver, i can eat pizza without talking to the pizza driver.",Health
2382,"carpets that soak up whatever spills on them and sends me a text message, i don't have to clean my carpets myself.",Health
2383,"a robot that pours me my captain crunch, i don't have to pour my own captain crunch.",Other
2384,"a robot that jerks me off, i don't have to jerk myself off.",Health
2385,"a robot that hold my book or tablet in front of me and turns the pages, i don't have to pull my hands out into the cold and turn my own pages.",Entertainment
2386,"a cabinet that can tell when i'm low on certain food and automatically order some more, i don't have to go to the trouble of writing a list and ordering more food.",Health
2387,"something plugged into my bloodstream giving me real time information about the content of my blood, i can know about a very limited number of bad conditions that can be ascertained by a blood monitor in real time.",Health
2388,"a heater that can tell what room i'm in and heat only that room, i don't have to pay as much for heating.",Energy
2389,"a robot that automatically shoots a net at any stranger that comes into my house, i can play around with the net and potentially catch a burglar in the unlikely event.",Energy
2390,"my smart home to monitor the hydration level of my soil outside, the sprinklers will know when to turn on and off to give just the right amount of water for my grass and plants.",Energy
2391,"Lights in individual rooms to turn on/off based on the motion of people in the room, Lights will automatically turn off when nobody is in a room to lower my electricity bill..",Energy
2392,"my smart home to monitor all outgoing water levels from the house, I can be notified if ever there is a leak in the house (hose left on, pipe busted, etc.).",Safety
2393,"my smart home to notify whenever a kitchen appliance is turned on., I can know whenever my child is using the oven when I'm not around..",Safety
2394,"A speaker system that turns on automatically when I'm in the shower, and turns off when I'm done using it., I can listen to my favorite music while showering..",Entertainment
2395,"my smart home to give me recipe ideas (sent to my smartphone/laptop) for my family based on our overall likes and dislikes., I can be inspired to make my family a meal that everyone can enjoy.",Health
2396,"my smart home to monitor the amount of steps I take in the house, as well as other family members., I can monitor the amount of calories I burn just from walking inside my own home..",Health
2397,"my smart home to automatically play holiday music when it's a holiday (Easter, Christmas), I can get in the mood for the holiday.",Entertainment
2398,"My smart home to monitor the temperature in my garage during the winter., I can make sure I can take stuff from the garage into the house (water bottles) that may freeze if it gets too cold in there..",Safety
2399,"my smart home to alert me where my pet is inside the home if it decides to hide, I can know if my animal is in the house (and where), or outside..",Safety
2400,"my smart home to automatically pick up my cat's droppings, the house will not smell and I won't have to do it.",Health
2401,"my smart home to use fingerprint technology as a locking mechanism, my family will be safer.",Safety
2402,"a Bible that is uploaded into my dining room table., I can read without using a book and it can be digital..",Entertainment
2403,"my smart home to respond to a certain decibel level of the word ""Help!"" to alert authorities, if alone and in an emergency, authorities can be called with minimal effort.",Safety
2404,"my thermostat to auto adjust when some leaves the home or comes home, electric bill can be lower.",Energy
2405,"my smart home feature to monitor my infants breathing at a very young age, it would give me peace of mind with the SIDS epedemic that may occur during the early months of life.",Safety
2406,"an information alarm connected to smartphone when my wife is within 5 miles., I know when she is going to be home, or if she's walking around the neighborhood..",Safety
2407,"the hot water heater to turn on, it does not waste energy when no one is home..",Energy
2408,"a reminder of when my favorite TV show is on., I can watch the show that I desire..",Entertainment
2409,"my thermostat to auto adjust to real time outdoor temperature, energy will be used efficiently based on weather.",Energy
2410,"my smart home to visual show me the wareabouts of my children if they are in another room playing, I would be able to cook or clean in another area of the house, while they are playing in another section..",Safety
2411,"an oven that assesses the meat for cooking., It is cooked to perfection the way I like it..",Health
2412,"my computer to have a screen built into the wall and respond to voice commands, if desired, I can use the computer more easily.",Entertainment
2413,"televisions to be linked between rooms so when I change to a different room it turns on with the same program/movie at the same part, if i want to lay down in bed i can just go to bed and watch the same movie i was watching in the living room without any hassle.",Entertainment
2414,"my alarm clock to sync with my coffee maker, I can wake up to hot coffee.",Other
2415,"to know how much humidity is in the house., I can turn up the water when it starts to get too dry..",Health
2416,"my smart house to adjust the temperature of which room I am occupying and decrease the temperature of other rooms not in use, I would conserve energy to only rooms in use.",Energy
2417,"to be notified how much water my cats drink,, I know they are hydrated..",Health
2418,"My smart phone to alert me if I leave the coffee pot on., I can avoid a dangerous situation such as a fire..",Safety
2419,"a motivator to alert me when I did not go to the gym., I can go to the gym and continue my fitness goals..",Health
2420,"an alert when my cat shits in its litter box, I can remove the smelly cat turds before they stink up my house.",Health
2421,"a home that knows when the floor is dirty, and sends appropriate robots to clean it, I don't have to clean the house all the time.",Health
2422,"a cross platform app that acts as a remote control for all lighting and the thermostat, i can turn on lights in other rooms before i enter them or change the temperature in certain rooms before i occupy them.",Energy
2423,"my smart home to update me on traffic, I can avoid traffic and excessive fuel consumption..",Safety
2424,"an indicator when my child is too close to the stairs., the child doesn't hurt them self..",Safety
2425,"my vacuum to auto run when the house is not occupied, pet messes and dirt will always be cleaned up.",Health
2426,"the refrigerator to make judgemental comments when I open it to eat snacks, I can be shamed by my appliances into not snacking too much.",Health
2427,"an indicator of my wife's general mood., I know how to act when she is around..",Safety
2428,"my curtains to adjust opacity depending on the level of light coming in, so that the house is always lit to a certain level and maintain energy usage.",Energy
2429,"An alarm to go off if anyone tries to open any door., A child does not exit unattended, and get lost or hurt..",Safety
2430,"an indicator of when the dog goes in and out the door, I can always track when my dog goes inside and out..",Safety
2431,"my bed to slowly tilt so that I roll out of it in the morning, I don't stay in bed too long.",Health
2432,"doors to be auto locked when entering or leaving the home, i am protected from a robbery or forgetting to lock the doors.",Safety
2433,"my television system to recommend movie and teach shows off of the selective user at the time and begin playing such film or show, I would be able to dive into watching movies, rather than shift through selections myself.",Entertainment
2434,"to be able to shut down my entire houses electricty, when I go on vacation or away I don't have to worry about it..",Energy
2435,"a doorbell with facial recognition, I can creep on the people coming to my house/tell who is outside.",Safety
2436,"my tv to auto shut off when there is no one sitting in front of it, i save energy.",Energy
2437,"an app to unlock doors so I can let guests in even if I'm busy elsewhere, so if I'm busy people don't have to wait for me i.e in the shower.",Safety
2438,"my smart home to automatically warm the floors in my home depending upon if the room is in use, I would be able to walk around my home without wearing anything on my feet.",Energy
2439,"my smart home to automatically put up barriers to certain rooms, my child does not wander into places they shouldn't.",Safety
2440,"my smart house to alert me about the septic tank, costly repairs can be avoided..",Health
2441,"windows that can project images that looks like there are ghosts in my house, I can scare away neighborhood children.",Safety
2442,"my smartphone to start the oven to cook dinner., When I get home, it will be preheated..",Entertainment
2443,"my smart home to automatically turn off appliances like heating ovens and toasters if no one is home., I don't have to worry about it..",Safety
2444,"a bathroom mirror that begins an anti-fog procedure during and after showers, I can shave more easily.",Safety
2445,"a pop up scarecrow/airhorn system, I can scare away neighbors and unwanted animals.",Entertainment
2446,"my washing to run only when there is a full load of laundry, i will conserve energy and water by only running when necessary.",Energy
2447,"my smart home to alert me if the roof has been comprimised, further costly repairs can be avoided..",Safety
2448,"laser tripwires installed that are app controlled in geometric patterns that set off alarms, burglers can't burgle.",Safety
2449,"my smart phone to link to the surround sound to indicate my schedule and remind of things I might have planned for the day, I can stay on time with my activities throughout the day,.",Entertainment
2450,"a shower that will go to my preferred temperature with a button press, I can shower more easily.",Health
2451,"an automatic bath which fills to my desired temperature and depth, I can stink less.",Health
2452,"my smart home to alert me to any pest intrusion, I can have them removed or abated..",Health
2453,"a fish tank that will automatically feed fish, my fish will be fed without having to think about it.",Other
2454,"smart electric sockets that only work if an actual plug is inserted, my kid can't stick metal crap in sockets and kill himself.",Safety
2455,"an beep alert when someone enters my driveway, i always know what is happening outside my house.",Safety
2456,"a tiny toy train that gathers up my recyclables and sorts them for me, like a coin sorting machine, I can recycle easily.",Energy
2457,"my smart fridge to connect with my phone to indicate whether I am running low on neccessary food suuplies, I would always be prepared when I go to the grocery store.",Health
2458,"my smart house to alert me about stppages in gutters and downspouts, flooding and water damage can be avoided..",Safety
2459,"My smart home to prevent long showers., my water bill will stay at a minimum.",Energy
2460,"my smart home to record my weight, body fat, and my daily calorie intake,, I can keep an accurate record..",Other
2461,"If any letter dorped in my letter box., I can know immidietly..",Other
2462,"a series of well placed airhorns (but a different frequency than the litter box airhorn and the garden airhorn), I can spook the cat off of unwanted surfaces.",Entertainment
2463,"my smart home to alert me when my wife is headed home, I can have dinner ready for her!.",Entertainment
2464,"app controlled motion detectors so i know if my child is going someplace he isn't supposed to be, when i'm busy my kid can't wander off and get hurt.",Safety
2465,"my curtains to auto open and close at certain times, i can get the proper lighting and the house will be safer at night because no one can peer in.",Safety
2466,"my smart home to play my playlists or audiobooks no matter where I am in the house,, I can enjoy them wherever I might be..",Entertainment
2467,"my smart home to alert me when my mail is delivered, I can get it as soon as possible when I am waiting for certain mail.",Other
2468,"if the weather is near to raining, I can close the window..",Safety
2469,"smart ovens and toasters that can maintain the temperature of food, even when cold so that you can put breakfast in the oven/toaster overnight and have it cook on a timer or via app, i can be lazy and cook from bed.",Other
2470,"toilets to auto flush when necessary to conserve water, i do not waste water.",Energy
2471,"the shower temperature to be adjust based off the users pervious settings, it would cut back on the wait time for the bathroom, since the temperature is already preset for the users perferences..",Energy
2472,"all electronics attached to circuit breaker, and the home to turn off the breaker after a long period of inactivity, I can save electricity.",Energy
2473,"the litter box to be auto cleaned when dirty, the house stays sanitary and the air is always clean.",Health
2474,"the shower to have a preset music and radio system, I can listen to the news while preparing for work or school.",Entertainment
2475,"spoken reminders to take medicine at the right times, doses aren't skipped or doubled.",Health
2476,"my smart home to dim or turn off lights if no one is home,, I know I'm not wasting energy..",Energy
2477,"my smart home to notify me when there is a faulty outlet or wiring., I can have it fixed and prevent a hazard such as a fire; and the house will not burn down..",Safety
2478,"my smart home to update me on food inventory while I am shopping, I buy what is needed and avoid over buying..",Other
2479,"app/alarm controlled retractable stairs, the second floor can be secure in case of zombie attacks or a swat raid.",Safety
2480,"my smart home to notify me when items have expired, I can dispose of properly..",Safety
2481,"smart toilets that automatically urine test, i know when my kid is smoking doobies after school.",Other
2482,"my smart home to automatically give my cats kibble if I don't get home by a certain time,, I know my cats don't go hungry..",Health
2483,"my refrigerator to recognize, inventory, and display everything inside, I won't waste energy and time staring into it.",Energy
2484,"my entertainment system to alert me off the movies and tv shows my children are watch, I can monitior the programs that my children are viewing when I am not in the room with them.",Entertainment
2485,"my smart home to alert me when someone is using a computer, I can monitor what the grand kids are viewing..",Safety
2486,"my smart home to open dog doors at set intervals, my dogs can go outside when I am not home..",Health
2487,"monitor my childrens TV, so I can prevent them to watch bad channels.",Entertainment
2488,"A light that will go off in my room at night when there are noises in the house, I can wear my headphones when watching movies on my iPad late at night and can also be aware of one of my kids are up or there are any disturbances in my home..",Safety
2489,"a zapper that automatically zaps insects that may come inside, I can avoid an infestation.",Health
2490,"a smart closet that keeps track of what i wear and chooses outfits for me, i'm always looking sharp and don't wear the same outfits all the time.",Other
2491,"my smart home to always be connected to the internet,, I can control certain home functions like the lights or thermostat whether I am home or away..",Energy
2492,"monitor if there any insect in the room, to prevent insect bite..",Health
2493,"a voice controlled door and window lock, I don't miss any.",Safety
2494,"my smart home to alert me when some one is watching inappropriate channels on TV, I can control what the kids watch..",Health
2495,"my smart home to give me access to video from within my home,, I can keep an eye on things if I'm away for a long time..",Safety
2496,"something to list all new available movies within all of my available platforms in a single location, I know when something new is available.",Entertainment
2497,"voice controlled speakers and stations, I don't have to search for remotes.",Entertainment
2498,"my home to interact with my pets when I am away, by dispensing treats, toys, turning on water, etc, my pets are happy and occupied.",Entertainment
2499,"monitor external wall, if there any mud, I can repair it on time.",Safety
2500,"my smart home to send me texts or email updates on energy use,, I know where I'm using the most energy..",Energy
2501,"the stove and oven to auto set to the correct temperature for the dish I'm cooking, It cooks appropriately.",Health
2502,"A weight scale to store and analyze my weight trends, I know where I stand.",Health
2503,"my smart home to remind me when my bills are due., I do not risk having my utilities disconnected due to late or non-payment.",Safety
2504,"my smart home to notify me immediately if there are weather alters in my area,, I know if something bad is happening..",Safety
2505,"a coffee pot that can be controlled via mobile app, I don't have to manually set the pot.",Health
2506,"I want my smart home to project voice activated recipes and information from the internet onto the wall, I don't have to touch anything with dirty hands if I need to know something unexpected.",Entertainment
2507,"To be aware of my utility usage and estimated cost at any time, I can not be surprised when the bills arrive and can take steps to cut back when we've used excess..",Energy
2508,"voice activated light settings with different shades of lighting, I can see myself in ""natural light"" and other light while still in my bathroom.",Other
2509,"a heater that will heat the bathroom to a certain degree while the shower is on, I'm comfortable after my showers.",Health
2510,"my smart home to let me know when the air inside becomes contaminated with uncleanliness or germs that can spread, I can use an air cleaning system to clean the air.",Health
2511,"a pet dish that will auto fill with water and food, I don't forget to feed my cats.",Health
2512,"moisture detecting sensors in the ground, the sprinklers can automatically water as necessary.",Other
2513,"the pool to alarm when anyone gets in without using the code, my toddlers won't drown.",Safety
2514,"the door to alarm when anyone under a certain height opens it, my toddlers won't escape.",Safety
2515,"monitor room lights., to mentain room lights as per requirment all time.",Health
2516,"an alarm when the dog is chewing something I didn't give him, so he can't chew everything in site.",Safety
2517,"my smart home to automatically raise windows in the event of a fire, I and my pets can escape (especially so they can escape when I am not home).",Safety
2518,"a camera linked to my smart phone with video of the dogs, i can supervise them when I'm not in the same room.",Safety
2519,"a siren to go off when the cat gets on anything they shouldn't, they don't contaminate food or make messes.",Health
2520,"monitor electric line if there any lickege., prevent possible disaster.",Safety
2521,"my smart home to automatically contact the fire department in case of a fire, they can come as quickly as possible.",Safety
2522,"an alarm on the garbage can that goes off when anything is removed by something on 4 legs, they don't eat out of the garbage.",Health
2523,"my smart home to automatically dispense fire extinguishing (safe) chemicals in case of a major fire, damage will be limited.",Safety
2524,"self cleaning toilet, so its always clean.",Health
2525,"a self closing toilet with a lock, I don't sit in the water and toddlers can't get in to play.",Safety
2526,"an alert when the water in the toilet or any water appliance is leaking, i don't waste water.",Energy
2527,"light sensors built into plugs used for Christmas lights, so they shut off in daylight automatically.",Energy
2528,"my smart phone notify me when my fevarite program on my TV., I can watch it..",Entertainment
2529,"Self loading washer and dryer, Myself and elderly people or people with back problems can have an easier time doing laundry.",Health
2530,"notify me if there are any shortage in my kitchen product., I can buy at time..",Health
2531,"norify me if I put things in wrong place, I can put it on right place.",Safety
2532,"Television that prioritizes my favorite programs, I can enjoy television with friends and family.",Entertainment
2533,"Self refilling food bowls, My pets can have enough to eat if I have to take long trips.",Safety
2534,"appliances that automatically power off when not in use, I can save energy and money.",Energy
2535,"App that lets me know when I need to purchase more of something, I never run out of things.",Health
2536,"self watering plants, My plants can continue to be watered when I'm away.",Health
2538,"automatic updating consoles, I can get the latest downloads and updates instantly.",Entertainment
2539,"Air chemical detection system, I know what is in the air, especially when home renovation is happening.",Safety
2540,"fall detection walls/floors, I know if a loved one has fallen or is hurt.",Safety
2541,"Smart recipe books, I can make meals/recipes based on whatever I have in the house.",Health
2545,"a setting that will turn off all lights when movement is not detected in a room, I can save on electricity..",Energy
2546,"a stove that has voice comand settings, can save time whilst I prep..",Other
2547,"a siri like feature where my house can google things, I can have a talking house..",Entertainment
2548,"to be able to control the heat of the water to the degree, I can get the perfect shower, or bath..",Health
2549,"automatic locks on the doors, I ensure there will never be human error..",Safety
2550,"an alarm feature that has pressurse sense windows, I can ensure the protection of my home..",Safety
2551,"A feautre to take the humidity out of the air, it is refreshable breathable air..",Energy
2552,"A thermostat that flucuates with the peak levels of electricity use, and regulates itself, I save on energy costs..",Energy
2553,"A self cleaning shower, and toilet, I can save time in cleaning..",Health
2554,"A floor feature  that sucks up loose debris intov vents in the wall, I never have to vaccum again..",Other
2555,"when leaving outside all the lights to be turned off., my current bill would be less..",Energy
2556,"should monitor when the tv is on and what kind of shows my kid sees, i will guide her well.",Safety
2557,"to get alerts when any kind of natural disasters going to happen., to save my family..",Safety
2558,"to have all the required medicines, i dont want to go to shop last time..",Health
2559,"to wake me up at the correct time in the morning., i can prepare and move.",Health
2560,"to get alert daily weather, accordingly set the water heater temperature., so that i can get a good bath and wear clothes accordingly..",Health
2561,"to get alerts when someone knocks my door., i can get alerted when a stranger enters in..",Safety
2562,"to know when the water in the tank is going to fill., so that water can be saved from pouring from it..",Energy
2563,"my home to regulate my energy use, I can save money and help the environment..",Energy
2564,"when going to bed , in a single click all the led bulbs, switches should be turned off., so that i dont want to go to all the rooms to off the unwanted lights..",Safety
2565,"the house to wake my kids up in the morning, I dont have to do it.",Health
2566,"an automatic vacuum, the house is clean when I get home from work.",Health
2567,"to know any cameras targeting us to capture us without our permission., we would be more safe..",Safety
2568,"the doors to lock automatically behind me when coming or going., the house will always be secure.",Safety
2569,"outside motion detectors and a video recorder, I know if someone has been trespassing on my property.",Safety
2570,"the bathtub to self regulate water tempertature, my kids never get burned by hot water.",Safety
2571,"a smart dishwasher, my dishes will be cleaned while I'm at work.",Other
2572,"my tv to find my favorite shows automatically, I dont have to search for them.",Entertainment
2573,"a gas detector, if there's carbon monoxide or other poisonous gases inside, the authorities are notified.",Safety
2574,"my home to remind me when its time to walk the dog, I never forget.",Health
2575,"a smart washing machine that turns on automatically or by remote command, the clothes are washed and ready to be placed in the dryer by the time I get home from work.",Energy
2576,"the windows to open and close at the touch of a button, I never struggle with opening or closing a window again..",Safety
2577,"water leak detection, I or authorities are notified if a pipe bursts or leaks.",Safety
2578,"my kitchen to tell me when Im low on the kids favorite foods, I never run out of anything.",Health
2579,"a smart video game system, it knows what I want to play when I turn it on.",Entertainment
2580,"my home to turn off lights automatically when someone leaves a room, electricity is not wasted..",Energy
2581,"smart smoke alarms, the authorities are notified if there's a fire and my family is awoken so they can escape..",Safety
2582,"the house to inform me of any insect intruders, I can keep my home bug free.",Health
2583,"a pool alarm, I am notified if a child should wander onto the grounds where the swimming pool is located.",Safety
2584,"a smart computer system, it is up and ready for work in the morning automatically without my having to turn it on.",Other
2585,"a bathtub that fills to a predetermined water level, I don't use an excess of water.",Other
2586,"a thermostat that regulates the temperature inside the house and turns off when needed, it cuts down on energy costs.",Energy
2587,"lights that turn off in rooms when there is no movement detected in a certain amount of minutes, it cuts down on energy costs.",Energy
2588,"a low flow toliet that automatically flushes when someone walks away, it saves water and you never have to manually flush again.",Other
2589,"electronics to automatically come on at set time, around the time I arrive home from work, dont have to do it myself and can immediately relax.",Entertainment
2590,"a surveillance system that records movement outside my house and uploads it to my home server, I can see any potential intruders.",Safety
2591,"a health monitoring system that can detect my blood pressure and other critical health factors, I can take precautionary measures to live a better and healthier life.",Health
2592,"a food device that organizes food portions and/or calories, I can maintain a healthy weight and lifestyle.",Health
2593,"a securty system that automatically locks doors and windows after a certain time of the day, I can keep intruders out of my house when I'm not there or I'm sleeping.",Safety
2594,"a device that heats the roof of the house to melt snow, if there is ever a large snowstorm, I dont run the risk of my roof colapsing.",Safety
2595,"to know when my spices are getting low, I know when to buy another of that spice.",Other
2596,"a shopping list to be generated automatically when I throw away empty containers of food, I don't have to write down and maintain the grocery list.",Other
2597,"the door to unlock open automatically when my dog needs to use the bathroom, then let him back in, and then shut and lock the door behind him, I don't have to go home on my lunch break to let the dog out.",Energy
2598,"the Christmas lights to turn off and on automatically, I don't have to worry about a fire.",Safety
2599,"the thermostat to automatically detect when we are in REM sleep to decrease the temperature, we save money and energy.",Energy
2600,"a vacuum that automatically cleans the floor when it senses that it is dirty, my floors stay clean.",Other
2601,"a garage door that automatically sense when I get in my car and opens the door or when my car approaches the door and opens the door, I don't have to use a garage door opener.",Other
2602,"smart key locks, I can open my doors with my smartphone or a fingerprint sensor if I lose my keys.",Safety
2603,"a smart shower that reads temperature and time spent in the shower, I can save water, time, and energy.",Energy
2604,"a refrigerator that plays music, I can easily listen to music while cooking and doing meal preparation.",Entertainment
2605,"my shower to immediately turn to a warm temperature before I get in, I can have a comfortable show.",Health
2606,"front door to lock if I am in the shower or busy cooking, my child cannot get out on their own.",Safety
2607,"my water heater to turn off by itself at night, I can save money on my electricity and water bills.",Energy
2608,"my television to automatically turn off if I fall asleep on the couch, it doesn't waste extra electricity.",Energy
2609,"my stove to immediately cool down after I am done cooking, my child cannot get burned.",Safety
2610,"my doors to lock if an intruder comes in, they cannot escape and will be caught by police.",Safety
2611,"my pool to automatically cover itself when my child is playing outside, they will not fall in or rown.",Safety
2612,"my blinds to close when the house gets too sunny, it stays cool inside.",Energy
2613,"my dishwasher to automatically open when it's finished, the dishes can dry out easier.",Other
2614,"my tub to stop filling when it reaches halfway, my child can easily take a bath safely.",Safety
2615,"a security system that informs me of doors opening, I can know who is in my home at any time.",Safety
2616,"the house to increase the volume when I'm playing, I can enjoy the game more.",Entertainment
2618,"my house to adjust lighting based on how many people are there, people can see well and the house is nice looking.",Energy
2620,"my house to turn speakers on depending on which room I'm in, I can hear my music wherever I go.",Entertainment
2622,"to protect my children from harm, they will feel safe in their own home and in the immediate area of the home.",Safety
2623,"to be able to notify my landlord when there is a maintenance problem automatically though a smart home app., i don't have to take the time and contact the landlord when I have a maintenance problem.",Other
2624,"the lights to dim when it gets late, my children will get sleepy and know when it's time for bed.",Energy
2625,"the oven to only function when I'm in the kitchen, the kids won't hurt themselves.",Safety
2627,"the fireplace to turn on as soon as I enter the living room, I can be warm and comfortable in the winter.",Energy
2628,"a reminder or alarm sent when I have a lit cigarette and I am not in the same room, I can prevent potential fires.",Safety
2629,"the windows to automatically lock at night, I can prevent break-ins.",Safety
2630,"to be able to have a robot with cameras on it roam my house at my control., I can see what's going on with my children when i'm not home..",Entertainment
2631,"the garage door to only open on my command, the kids can't get out of the house.",Safety
2632,"my smart home to inform me if I haven't consumed enough calories at certain points in the day., I would be able to have energy throughout the day..",Health
2633,"an alarm every time my child gets close to the top of the stairs, a fall can be prevented.",Safety
2634,"my televisions to be automatically switched to the stations that my favorite sports teams are playing on., I don't forget to watch the games..",Entertainment
2635,"the temperature to automatically adjust based on how hot or cold it is outside, I am comfortable.",Energy
2637,"a projector that can be hidden when not in use but when in use can use a wall as a screen with the clarity of a HD TV., we can watch movies and TV on a big screen.",Entertainment
2638,"the ability to lock all doors on command, I can put the house into lock down to protect my kids.",Safety
2639,"to be able to start my vehicle from a button inside the house., I don't have to use an app on my smartphone or go outside to start my car..",Other
2640,"my Pandora station to turn on when I enter a room, I can enjoy my music without effort.",Entertainment
2641,"a mutil detector for smoke, radon, carbon monoxide all in one unit, I do not have to have many detectors for different elements in my home.",Safety
2642,"to be notified when my crops need to be watered, i know when to water them.",Energy
2643,"lights in my smart home to open when I enter a room and turn off as I leave., I can conserve energy and save money..",Energy
2645,"a panoramic theater system in my bathroom, I can i can be entertained while I go poopoo..",Health
2646,"my smart home to turn off the oven after a certain time, I wont burn the food.",Safety
2647,"to shut off my hot water heaters when I am not at home, I save energy by not heating water when I don't need it..",Energy
2648,"a feature that can fill a tub remotely to the temperature I set as well as dispense correct amounts of soap/bubble bath, I can do other things while the tub is filling or I can have the tub ready for me when I get in..",Health
2649,"my lawnmower to mow automatically, I wont have to mow the lawn.",Energy
2650,"a screen in the kitchen that will choose healthy dinner recipes for my family on a nightly basis, I don't have to make decisions on what to cook for dinner.",Health
2651,"some kind of food dispenser that knows when to feed my cats and dogs, I do not have to do it.",Other
2653,"my alarm to go off when my child opens the door, my kids will be safe.",Safety
2654,"a feature in my stove that will tell me the exact temperature of not just the stove but the burners and grill feature as well when in use, I can monitor my food being cooked to the exact degree as some things need precision..",Entertainment
2655,"my smart home to turn on the lights when my child cries, I may not have to get up at night.",Entertainment
2656,"a full featured remote to control diagnostics of my health and be transmitted to my television., I can monitor my diagnostics wireless and possibly have them transmitted to my Dr..",Health
2658,"my smart home to send a warning if the oven gets turned on by child, my child will be safe.",Safety
2660,"my home to automatically recognize my nephews and nieces through facial recognition software and give them access to the house when they visit., I do not have to give them a key..",Other
2661,"my smart home to automatically lock doors at night, my family will be safe.",Safety
2662,"electronics to turn themselves off if not being used in a certain amount of time, electricity consumption is reduced.",Energy
2663,"to be notified when a package is left, I can grab it and am aware it's there.",Safety
2664,"a vacuum cleaner that can automatically clean all pet areas on a daily basis or any area in which they have food or a high concentration of hair, I can keep these areas clean - they seem to get dirtier faster..",Health
2665,"a healthy snack dispenser that will be accessible to my child at predetermined times throughout the day, my child can have an approved snack without having to ask.",Health
2666,"my smart home to  immediately sound alarm if smoke is found, my family will be safe.",Safety
2667,"my favorite music to play at good times of day, I can enjoy it.",Entertainment
2668,"toilets to flush automatically., I don't have to waste time doing it..",Other
2669,"lightbulbs that turn off if a human presence is not detected, energy will be saved..",Energy
2670,"the house to know how much food I have left, it can order some more.",Health
2671,"my smart home to sound an alarm if someone is walking around after night, my family will be safe.",Safety
2672,"a system that will turn on sprinklers and automatically open windows and drop down ladders in the case of a fire, my family can quickly evacuate.",Safety
2673,"to keep my leaves from falling into the neighbors' yard in the fall so I want a machine that can somhow detect a falling leaf and send to to the ground on my own property, my elderly neighbors do not have to rake leaves that are not theirs..",Other
2674,"exercise to turn to electricity, I can contribute.",Energy
2675,"the house to adjust the temp to lower while I'm asleep, I can save energy.",Energy
2676,"a tv that gathers information about what I watch, and recommends movies to me, I can broaden my movie collection.",Entertainment
2677,"the house to feed the cat, I don't have to.",Health
2679,"my smart home to alarm if there is excessive screaming, my family will be safe.",Safety
2680,"the house to have a gaming mode, lighting and sounds are adjusted.",Entertainment
2681,"a feature that will set out his clothes for him on a daily basis - basically a system that will put from his closet, he can get dressed without issue in the morning and not have us help him when we could be doing other things.",Other
2682,"floors that stay a certain temperature, so I don't get cold.",Energy
2683,"the house to grab the mail, I don't have to go to the mailbox.",Safety
2684,"a trash can that will automatically sort and bag trash, recycling and compost, we can practice conservation with minimal effort.",Energy
2685,"a shower feature that remembers my favorite temperature and automatically sets the correct temperature, I can take a nice shower.",Other
2686,"doors to unlock automatically if I am specifically detected., I don't need to deal with keys..",Other
2687,"the kitchen to clean itself, I don't have to.",Health
2688,"a feature that can automatically drain my pool in the fall/winter, cover it, and then refill it in the spring, we can enjoy the pool in the months we can use it..",Entertainment
2689,"the house to reprimand the animals, I don't have to.",Health
2690,"my TV to find all of my favorite shows on demand, I can watch what I want without having to search.",Entertainment
2691,"doors to open automatically., I can save time..",Other
2692,"a motion detector in the kitchen, I know when my dogs go in there.",Other
2693,"my smart home to notify me if someone leaves out or comes in after midnight, I will know if there is toruble.",Safety
2694,"my smart home to notify me if there is a leak in the roof, I can prevent further damage to my home.",Safety
2695,"a stove that can cook multiple items at different temperatures at the same time, I can prepare a meal and save time.",Energy
2696,"communication to open up with anyone in the house when prompted., I can talk to someone without having to find them..",Other
2697,"a space heater that actually maintains the temperature in the room, my utility bill will be reduced.",Energy
2698,"food created on demand, I can have exactly what I want when I want it..",Health
2699,"my smart home to alert me when anything rated higher than TV PG is playing on the televisions in the house, I will know to supervise my kids' TV viewing or to block a show or channel.",Entertainment
2700,"sensor that will monitor my child's body temperature at all times, I can tell when he has a fever.",Health
2701,"a camera that connects to my smartphone and comes on when it detects pets but not humans, I can keep a watchful eye on my precocious dogs..",Safety
2702,"my smart home to alert me to reports of impending violent weather, I can make preparations for safety.",Safety
2703,"a smart shower system, water pressure and heat will remain consistent and strong for the duration of my showers..",Energy
2704,"Toilet to automatically flush with voice activation., So I don't have to touch the toilet handle..",Health
2705,"to be informed if a person has fallen anywhere in the house., I can check to make sure they are OK..",Safety
2706,"a computer program that hooks to an outdoor camera and makes a popup appear on my PC screen when someone comes to the door, I can know who is at the door and decide if I want to answer or not.",Other
2707,"my smart home to alert me when any light bulb has fewer than 8 hours of life remaining, I can replace them before getting trapped in the dark.",Energy
2708,"the crib to have motion detection., the crib can automate and control baby's crying with voice control and notify me of potentially dangerous situations..",Safety
2709,"a smart floor, when the interior temperature reaches a certain point, the floors will warm up automatically..",Energy
2710,"my smart home to alert me when streams, shows, podcasts I am interested in are coming on or are posted., I don't miss something I want to listen to or watch..",Entertainment
2711,"lights to auto adjust dimness based on time of day., I can save electricity and regulate my sleep schedule with natural lighting..",Energy
2712,"appliances that have a feature like new cars that let you know when your tire pressure is low, my appliances can let me know when a part starts going out.",Other
2713,"my smart home to alert me to reports of crimes in the area, I can be on alert for security.",Safety
2714,"Rollup window blind sensors, The window blinds will open automatically during daylight hours and then close when it is dark..",Energy
2715,"a sensor in the fridge, it will detect any rotting food or food with bacterium in it so I know to avoid eating it.",Health
2716,"my TV to automatically play my favorite show/news channel when I get home from work., I don't have to waste time pressing buttons with my remote..",Entertainment
2717,"a doorbell that video records who is outside of my house, i can see who is outside before answering the door or when i am not home.",Safety
2718,"a touch-screen, voice-activated smart monitor, I can watch videos, television or do other things right when I need to..",Entertainment
2719,"my smart home to tell me if clothes are finished washing or drying., I can take them out or transfer them..",Other
2720,"my shower to automatically adjust the temperature., I don't have to change the knob to my desired temperature..",Health
2721,"an automatic sprinkler, when it has not rained in awhile the grass will stay green and watered.",Energy
2722,"an alert on my phone when my child leaves the house, i can know when my child is leaving.",Safety
2723,"my smart home to alert me to the new releases on Netflix which I add to a watch list each month, I can catch the movies I've been waiting for.",Entertainment
2724,"a cat house that automates feeding and give me updates through an app on my phone with webcam monitoring., I don't have to pay for a cat babysitter whenever I go on vacation..",Other
2725,"automatic lights, i do not have to turn on the lights at night.",Energy
2726,"automatic doors, they require a finger print or voice command to open.",Safety
2727,"my faucets to have automatic water filtration built in., all the water that I utilize is fresh and free from pollutants..",Health
2728,"a litterbox that alerts my phone when my cat has used it, i can clean it right away.",Health
2729,"my smart home to define words for me if I ask it to., it is faster and easier to do..",Other
2730,"a smart gaming computer, when I play resource-intensive games the computer adjusts itself to run them at maximum efficiency automatically..",Entertainment
2731,"a robot that can prepare meals for me., I don't have to waste time cooking..",Other
2732,"my smart home to adjust the water temperature in the shower by my input into my smart phone, take comfortable showers.",Health
2733,"a radio that i can talk to to play specific artists, i do not have to use my smartphone to do this.",Entertainment
2734,"automated sprinkler system, when a fire breaks out in the home the sprinklers will activate and take care of everything.",Safety
2735,"my fridge to tell me whenever food is about to be spoiled with cameras that detect expiration date., I can keep a safe and clean refrigerator at all times..",Health
2736,"smart doors, when I come home from shopping they sense my presence and open automatically..",Safety
2737,"automatic locking doors at night, i do not forget to lock the doors.",Safety
2738,"sensors throughout the house, I can input what I want to find and the sensors can track it for me.",Other
2739,"a smart vacuum, i do not have to clean.",Health
2740,"a machine that has wash/dry cycle in the same machine., I don't have to take out my clothes to put from the washer to the dryer..",Other
2741,"a smart bathroom, it cleans itself automatically when a pre-determined level of ""dirtiness"" is reached..",Other
2742,"my smart home to start my car for me on cold mornings, the heat is ready to go when I get in the car to drive.",Other
2743,"Directional cat flap motion sensors, I can tell when my cat has gone inside or outside of the house.",Safety
2744,"a smart thermostat, the temperature can automatically be adjusted to save energy.",Energy
2745,"smart shades, they will control the amount of light coming in..",Energy
2746,"air purifier, the air is always clean.",Health
2747,"the heater/AC to turn off when I leave and turn back on when I unlock the front door, so that I can save energy..",Energy
2748,"watcher sensitive television,, it will know who is watching and adjust suggested programs and commercials shown accordingly.",Entertainment
2749,"smart refrigerator, it would tell what food would need to be replaced.",Health
2750,"an alarm to go off if my children's windows open, I can ensure that they are safe..",Safety
2751,"a smart tv that can recognize it's viewer's face, it will automatically go to a favorite selected channel for the main viewer watching.",Entertainment
2752,"my smart home to keep a running weekly calendar which gives me task reminders I put in at the start of each week, I never forget a thing.",Other
2753,"my doors to unlock to police or firefighters, we can be accessed in case of an emergency.",Safety
2754,"outdoor sensors, when an intruder or passersby go by it will automatically light up.",Safety
2755,"smar lighting system,, the mood will adjust based on the time of day and occupant's positions..",Energy
2756,"my garage door to open when my car pulls into the driveway, I don't need to keep track of a garage door opener.",Other
2757,"sensors activated at night by the doors and windows, if an intruder breaks in when everyone is sleeping or gone an alarm will sound the police will be called to the house.",Safety
2758,"my smart home to monitor for mold and other airborne issues, I can be alerted when the air in the home is unsafe.",Health
2759,"temperature sensing oven,, the temperature of the food will be displayed..",Health
2760,"Kitchen counter top motion alarms, A clapping sound will go off to inform my cat he is to get off of the counter immediately.  This will also alert me that he is being naughty again..",Health
2761,"the lights in my room to slowly come on when it is time to wake up, I can be woken ambiently.",Health
2762,"lights and other electronics to be shut off after no movement for 30 minutes, it will save electricity and prevent possible electrical bursts.",Energy
2763,"secure doggy door,, it will only unlock for my dogs..",Safety
2764,"my blinds to close once it gets dark out and open when the sun comes up, I can save myself from having to do it myself..",Other
2765,"my smart home to monitor my baby's breathing at night, I can be alerted if my baby stops breathing.",Health
2766,"fragrance emitter in the bathrooms, when it detects bad odor it will spray.",Entertainment
2768,"smart roofing, it will absorb or reflect the temperature of the outside air to keep the house comfortable..",Energy
2769,"a smart driveway, it will heat up to melt away any snow or ice..",Safety
2770,"smart child sensor, I will be alerted immediately if off-limits areas are accessed by children.",Safety
2771,"a smart water filtration and filling system, I can have a constant supply of clean water to keep up with my hydration needs..",Health
2772,"Pantry shelf pressure sensors, When there is less than three pounds of cat food or of any other items left on that shelf, I am alerted to it..",Health
2773,"smart tennis court, I can play and practice with an automated system since I am forever alone..",Entertainment
2774,"smart blinds, I can have sunlight when it is available without needing to remember to open or close the blinds..",Energy
2775,"smart night-light paths, during the night, i can see where i'm going without turning on overhead lights..",Energy
2776,"Water detectors embedded in the floor, An alarm will go off if there is a water leak, aquarium mishap, a roof leak, a cat puddle, or any other liquid spilled on the floor anywhere in the house..",Safety
2777,"smart pooper scooper, it will automatically clean up what my dogs leave in the yard and either dispose of waste through plumbing or place into an airtight receptacle..",Health
2778,"Well water pump temperature and shutdown sensors, I am immediately notified by alarms, both in-house and via cell phone, whenever my well pump has shut down or is running dry.  If it is running dry, i.e. the temperature has risen high enough to burn out the pump, it automatically turns the pump off..",Energy
2779,"Chimney stack temperature and carbon sensors, An alarm goes off whenever the stack temperature goes higher than 500 degrees Fahrenheit, and another alarm goes off if the carbon in the stack accumulates in a layer thick enough to cause a chimney fire..",Safety
2780,"Outdoor stock tank water level sensors, I am automatically notified whenever the water level drops to less than 10 inches in the tank..",Health
2781,"a pet door to not open when any animal other than mine tries to enter it, wild animals don't get in my house..",Safety
2782,"Attic moisture detectors, An alarm goes off if the moisture detectors sense any kind of roof leak..",Safety
2783,"my washer and dryer to use only enough water and energy to wash and dry my clothes based on the zie of the load, I can save water and energy..",Energy
2784,"Propane tank level sensors, When there is less than a week's worth of propane left in the tank, I am notified..",Energy
2785,"to be alerted when my monthly energy usage exceed my normal monthly average, I can monitor my energy usage..",Energy
2786,"Propane line pressure sensors, An alarm goes off if there is a sudden pressure loss in the propane line, indicative of a propane leak inside or outside the house..",Safety
2787,"my fridge or freezer to automatically shut if I leave it open, I save on energy and my food doesn't get spoiled..",Energy
2788,"my shower to play music when I turn it on., my showers are more fun..",Entertainment
2789,"my home to detect the weather and adjust the heating/AC as necessary., I save on energy costs..",Energy
2790,"an oven synced with my smartphone so it preheats based on a recipe I have pulled up., cooking is easier and more efficient..",Health
2791,"anti-fogging/de-fogging windows., So i can see outside when it is foggy or when it rains..",Other
2792,"my appliances to interface with each other. I want them to share information about what they're doing (probably based on a recipe on my cellphone), cooking can be more efficient..",Health
2793,"automatic shades to adjust based on the amount of sunlight hitting the home., it's not too bright and not too dark inside and I save energy..",Energy
2794,"smart solar panels that adjust themselves., sunlight is collected more efficiently..",Energy
2795,"surveillance system that alerts me via smartphone, I can access the system even when I'm not home in case I need to alert the police..",Safety
2796,"smart mirrors that display relevant information when I step in front, such as weather, news, sports scores, etc., my day can start off better..",Entertainment
2797,"rooms to accept voice commands when I enter to play videos/music/etc determined by my smartphone on whatever device is available in the room., I have an easier time accessing my media..",Entertainment
2799,"my smart home to tell me when the water levels in my fish tanks fall more than 10% in an hour, if my fish tank is leaking I'll be able to save my fish..",Safety
2800,"a smart home to notify me when the temperature in my fish tanks rise or fall below 5 degrees to what I have set, I can save my fish in case of a heating malfunction..",Safety
2801,"my smart phone to be able to remind me when to do water changes in my tanks, I can be reminded to do fish chores..",Other
2802,"my smart house to make me aware of when I am low on certain food in the house, I can be aware of what I need to pick up soon at the grocery store..",Other
2803,"my smart home to inform me when the temperature in my fridge/freezer drops 5 below it's set temp, I can prevent food from spoiling if they break..",Other
2804,"my smart home to be able to dispense food for my pets when I am away, I can be at work or on vacation without worrying about my pets.",Health
2805,"a smart home that turns the lights to my fish tanks on and off throughout the day, I save energy and have my fish on a proper schedule.",Energy
2806,"a smart home to be able to detect ammonia levels in my fish tanks, if they get high, I can change the water to prevent ammonia from harming my fish..",Safety
2807,"my smart home to tell me when the filters in my fish tanks stop working, I can be made aware to save my fish..",Safety
2808,"a smart home to remind me to take my vitamins and track when I have taken them, I can be reminded to take my vitamins or ask if I've already taken it..",Health
2809,"the ability to be alerted on my phone if any doors or windows are opened and then be able to set specific alarms to multiple people, my child cannot wander/elope (without having to lock him in the house with the alarm set).",Safety
2810,"the ability to fully control my electric/gas fireplace remotely (including turn on/off, heat setting, etc..), I can have alternative forms of heating available to me before I reach my home..",Energy
2811,"to be able to use the ""find my iphone"" type app to find important things like kids lovies/blankies etc.., I don't have to deal with meltdowns as a result of missing items and my kids.",Entertainment
2812,"a couch that is heated and air conditioned by remote control, I can reduce other sources of heat and cooling by making my immediate area more comfortable.",Energy
2813,"a refridgerator that has a section that locks and unlocks via remote, I can keep certain snacks and special items (medicine/wine/etc) away from the kids (and my husband).",Safety
2814,"a kitchen that will help me find recipes and talk me through making them, I can make healthy/fun/interesting meals on the fly without thinking.",Entertainment
2815,"a refridgerator/cabinets that automatically knows what we have in stock and how much of it, the process of deciding on recipes and building shopping lists can be automated.",Entertainment
2816,"a place to store medicine and have the dispensing be done automatically based on the prescription, we avoid mixing up prescriptions and we know they are safely stored..",Health
2817,"a robot that automatically picks up stray clothes/toys/items, my house is always clean and I don't have to keep up.",Health
2818,"a garage that monitors my vehicles needs, so that I know what my vehicle needs and if there are any problems potentially occurring..",Safety
2826,"automatic coffee machine, coffee is ready when I wake up and the machine doesn't have to stay on for longer than necessary.",Energy
2829,"my home to talk to me ask me questions, I can tell it what I want it to do.",Entertainment
2830,"remote power outtage alert, if too much time passes before electrical services are restored I can make necessary arrangements (spoiled food, pets).",Health
2832,"beer coming out of my sink, I can drink.",Entertainment
2833,"digital readout of power usage for week, month, year, I can monitor my power consumption and estimate my costs.",Energy
2834,"a self mowed lawn, i can relax on sundays.",Entertainment
2835,"voice activated system to notify EMS personnel, if I become unable to access a phone I can yell a command to call emergency services.",Safety
2836,"blanket warmer, it heats up automatically when it is touched.",Health
2837,"my house to wake me up in the morning, i can go to work.",Entertainment
2838,"the stove top burners and oven to automatically turn off, that unwatched  pots will not burn.",Safety
2839,"Sensors to detect when my dog is at the backdoor, So I'll know when she needs to be let out.",Health
2840,"an automatic food and water dispenser, my pets can be fed periodically throughout the day.",Health
2841,"music playing in my shower, i can dance in the shower.",Entertainment
2842,"doors that lock automatically, my child can not leave the house if I step out of the room..",Safety
2843,"the oven to set the temp if I am preparing a meal from an app or using smart device., I will not forget and it will be ready when I get all the ingredients together..",Energy
2844,"nature sounds playing as I sleep, i can sleep better.",Health
2845,"a monitor to notify EMS if I don't move for more than a day, if I die or become unconcious I can be removed or have help sent.",Safety
2846,"I want my toilet to alert me when it has been more than 24 hours since my last bowel movement., I can adjust my diet to contain more fiber..",Health
2847,"an automated pet door with cameras and sensors, I can let my dog out to use the bathroom when I am not at home.",Health
2848,"auto-locking cabinets, my child can not get into dangerous items.",Safety
2849,"to take phone calls just speaking in my home, i don't need my phone.",Entertainment
2850,"the robot vacuum cleaner to return to its charging station when needed, the vacuum can run all day long when we are not home.",Health
2851,"automatic lighting, I can save energy by having lights turned off when not in use and have lights turn on when entering rooms.",Energy
2852,"to send txt using my voice in my home, i don't have to txt on my phone.",Entertainment
2853,"a self-adjusting thermostat, I can save on electricity bills.",Energy
2854,"severe weather alarm, I can be warned of dangerous weather approaching my location.",Safety
2855,"the dishwasher to start when energy consumpiton is low., I can save on my energy bill.",Energy
2856,"a device to send me a text message when my child's phone crosses the threshold of our front door, I can know my child made it home safely.",Safety
2857,"certain scents in my shower, I can breathe peppermint if I have a headache ect.",Health
2858,"My smart home to alert me when the children are not watching the proper television programs., I can supervise my children without needing to actually spend time with them..",Entertainment
2860,"a device to send me a text message if I lock the door and left the coffee pot on, I don't start a fire..",Safety
2861,"a smart thermostat, I can be alerted when a filter change is due, adjust the temperature remotely..",Entertainment
2862,"increments of monthly electricity used to be texted to my phone, I can budget appropriately.",Energy
2863,"the temperature of the water to raise and lower as needed troughout the day, I am not always heating water that isn't being used.",Energy
2864,"a robot to make me meals, I don't have to cook my own.",Entertainment
2865,"sensors that will detect drafts, so I'll know when maintenance needs to occur on windows and doors.",Energy
2866,"a central data storage drive/server, I can backup my data, access music and movies, access books via wifi or hardline.",Entertainment
2868,"an app on my smart phone to control my stereo system, I can turn it on/off or change stations/tracks if I'm in a different room..",Entertainment
2869,"My coffee freshly ground and brewed every morning before I wake up., I can save time..",Other
2870,"The temperature in each room to be monitored, if room is rarely used, keep it at a lower temp, and vice versa, I am not paying to heat a room that is rarely used..",Energy
2871,"my smart home to let me know when the dog uses the doggy door, I can keep track of the pets whereabouts.",Entertainment
2872,"My smart home to read stories to my children at bedtime., It will save me time..",Entertainment
2873,"a camera/alarm at the back door to alert me via sound and/or text message if the back door has been opened and left open, small children in my care can not leave the house and wander near the pool.",Safety
2874,"my smart home to let me know if any faucets or toilets are left running, I can conserve water.",Health
2875,"an appliance energy warning system, I don't overload a circuit and have the electricity shut off..",Energy
2876,"sensors that will detect stress on the foundation, I'll know when drainage/moisture around the foundation needs to be adjusted (big problem in Texas).",Other
2877,"a self-locking/code-locked cabinet, my guns are kept safe from small children/other people..",Safety
2878,"my pc to alert me when any of the major systems in the home fail., I know the moment when something fails. A hot water tank failure is critical in my opinion to know exactly when it fails..",Safety
2879,"my smart home to let me know when the children leave the yard, I can keep track of their whereabouts.",Safety
2880,"To have my children surveilled  when they go to the bathroom'., I know that they wipe properly and wash their hands properly;.",Health
2881,"my coffee making to become automatic, adjusting to my needs, coffee will always be ready at the times I expect it to be.",Other
2882,"sensors that will detect termites, I'll know when to call the exterminator before the insects can do damage.",Other
2883,"heat/weather sensors in my yard, the sprinklers will know whether the lawn needs to be watered or not, thus saving on water if it will rain or be too cold..",Energy
2884,"to be alerted when a toddler attempts to enter an area that I have assigned them to not be in., the child will not interact with harmful items or devices.",Safety
2885,"my smart home to let me know if it senses anyone outside the perimeter of the house after dark, I can protect my family from a break-in.",Safety
2886,"my refrigerator to monitor the food content and place orders with local delivery services, I am always stocked up on the things I use most.",Other
2887,"automated lock system, the doors and windows lock as I go to bed..",Safety
2888,"sensors that will detect rodent activity, I'll know when varmint control measures need to be taken.",Other
2889,"My smart home to record all of my childre's conversations when they think they are alone with their friends., I know what they are up to..",Safety
2890,"a smart fence that auto-closes and locks, my dog does not accidentally escape from my yard.",Safety
2891,"my thermostat to automatically adjust itself based on real-time weather updates, my house can be more efficient with cooling and heating.",Energy
2892,"my smart home to let me know at night if my child leaves his bedroom, I can monitor my child's nighttime movements.",Safety
2893,"the lights in a room to power on and off the moment someone enters or leaves a room., I can save money on my power bill..",Safety
2894,"a smarter air conditioning and heating system, MY temperature is monitored, and not necessarily just the room I'm in..",Health
2895,"my oven to calculate the best cook times for various foods, my meals can always be cooked properly and healthily.",Health
2896,"My smart home to make sure my husband is not watching pornography. If he is caught, I want an alarm to go off., I know if he's being good..",Entertainment
2897,"a smart water heater, it will alert me when it needs maintenance and also adjust water temperature for times when the house is empty.",Safety
2898,"light dimmer, the lights emit a sunlight glow during the day and a calm blue at night.",Energy
2899,"a monitor that eliminates unwanted insects, bugs stay out of my home.",Health
2900,"the washing machine to automaticly detect the amount of clothes inside and dispense detergent, softener and water acordingly., I will save on water useage and money on over using laundry supplies..",Energy
2901,"automatic power controller, to turn off all electronics when I leave the house.",Energy
2902,"something that automatically refills the toilet paper in my bathroom, I don't get stuck without a roll..",Health
2903,"a smart clothes dryer, it will shut off when the clothes are dry, not when the timer goes off.",Energy
2904,"To have a camera on my wife at all times, especially in the bathroom., I can make sure she isn't doing something I disapprove of..",Safety
2905,"my smart home to let me know if I have exceeded my monthly water allotment, I can conserve water and save money.",Health
2906,"smart alarm clock, it always has the right time and has simple buttons.",Health
2907,"my smart home to alert me if the children are using the internet when they are supposed to be asleep, I can ensure that my children have the proper amount of sleep.",Health
2908,"My smart home to alert me when anyone is within 29 feet of my house., I will not have any burglars or unwanted visitors..",Safety
2909,"my smart home to alert me whenever anybody comes within five feet of my house or with seven feet of any window or door, I can prepare appropriately for any guest or potential intruder who may want to enter my home.",Safety
2910,"an automated sprinkler system, that will water only when the soil needs it, and only in the places where the soil needs it.",Other
2911,"my cothes dryer to send a signal to my phone when it is finished, and be able to turn it on if I have not unloaded it., I do not get too many wrinkles in my clothes..",Energy
2912,"an automated door that recognizes only my cat, only MY cat, and no other animals, can get in whenever she wants..",Safety
2913,"entertainment selector, I won't spend a hour trying to figure what to do next.",Entertainment
2914,"A bidet in every bathroom and an alert if someone has a bowel movement without using it thoroughly., I am sure everyone has a clean buttocks area..",Health
2915,"a smart chair (recliner) that will wake me when I go to sleep, I'll get up and go to bed when it's time.",Health
2916,"a monitor that tells me when I'm running low on certain foods, I can shop for them before I run out..",Health
2917,"my smart home to notify me at what time my child returns home, I can know whether my child has observed my curfew rules.",Safety
2918,"the lighting to automaticly adjust for the time of day, dimmer in the day and brighter in the evening, I am not wasting energy using the full wattage of a light bulb when it is not necessary..",Energy
2919,"heating or cooling fan, it can keep the perfect temperture in a small room.",Health
2920,"my smart home to advise me regarding the daily amount of heat lost through windows and doors during cold weather months, I can make necessary adjustments with insulation in order to conserve energy.",Energy
2921,"mobile overhead celing lights, it can provide ample light wherever I am.",Energy
2922,"my security system to update me when there is movement within the home, I can check on my children when I am not there.",Safety
2923,"my smart home to remind my kids to do their homework, they do their homework before watching tv or going on the internet..",Entertainment
2924,"my freezer to keep track of when items are placed in them and keep me updated, I never forget about products that need to be used.",Health
2925,"my smarthome to move my trash to the curb on trash day, I don't wake up early that morning and run after the garbage trucks..",Health
2926,"shower temperture controller, the water will be perfect everytime.",Energy
2927,"my blinds to automatically adjust themselves dependent on sunlight, we get the most of natural light.",Energy
2928,"my smart home to put out small fires, they don't become larger fires that get out of control.",Safety
2929,"my smart home to advise me when my body switches from an anabolic state to a catabolic state, I can take any dietary or other health steps to try to stay in an anabolic state as frequently as possible.",Health
2930,"specific phone ringing sounds, I can tell whose calling base on the sound.",Safety
2931,"my electronic appliances to automatically turn themselves off, I can save on electricity.",Energy
2932,"smart washing machine, I just have to add the clothes and it washes, adds detergent and dries automatically when full..",Energy
2933,"the lights in my home to adjust themselves based on the time of day, I can save on electricity and prevent lights from being on too often.",Energy
2934,"a voice control system that allows me to monitor multiple features in the house, I can change features anywhere in the home.",Other
2935,"my smart home to inform me if any animal enters into my home or garage, I can take steps to make sure that both the animal and my family remain safe from potential threats to one another.",Safety
2937,"my home to alert me if my dog gets out of the yard, I can promptly retrieve my dog to prevent danger to my dog or to any people who might encounter him.",Safety
2938,"my smart home to react to my voice and vocabulary to categorize, list, play, and flip through songs and artists from wherever I am in the home, I may enjoy the music all around my home.",Entertainment
2939,"my smart home to adjust my thermostat in my home to the temperature I prefer by memory and change by request of my voice only, I can save money on my bills and not be inconvenienced.",Energy
2940,"Automatic stove, It shuts itself off when I'm not cooking..",Safety
2941,"my smart home to provide me with a daily report containing weight, percent body fat, heart rate, respiration rate and blood pressure, I can keep track of my health progress.",Health
2942,"my water to cut off, in the event of a leak there is minimal water damage..",Safety
2943,"voice activated television, So that I can tell it the channel that I want to watch..",Entertainment
2944,"my smart home to sense my pet coming up to the door to open and let the pet outside.  Then open when he comes in from the outside and closes and relocks., I can be sure my home is secure and my pet can be active.",Safety
2945,"to be alerted about me electric usage, I can keep my usage down..",Energy
2946,"my smart home to have a projector that comes from behind the wall, onto a screen that comes down to assist my child with school work and interact with his questions, my child can do better in school and get his needs met through interaction and assistance.",Other
2947,"my clothes dryer to provide visual and auditory alerts when clothes are mostly dry, I can quickly pull them from the dryer so they do not wrinkle and, in the process, cut down on energy consumption.",Energy
2948,"smart home to have a computerized machine that will clean up pet messes at the command of my voice and discard them where appropriate, I do not have to touch unsanitary material.",Health
2949,"notification of my pantry supplies when they run low, I can restock before I run out..",Health
2950,"Toilet overflow sensor, stop the water from flowing to the toilet if it's clogged, before black water spills on the floor..",Health
2951,"sensors to switch off the lights and other appliances when nobody is there, I can save elctricity.",Energy
2952,"child location sensors, I know where my children are at all times..",Safety
2953,"my cabinets to automatically lock, the grandchildren are safe..",Safety
2954,"my smart home to have outside shutters that are energy efficient and close and open in accordance with the temperature and time of day outside, my home will stay at a satisfactory temperature to lower my bills and properly heat and cool my home.",Energy
2955,"Automatic door with pet sensor, It opens to let them and and out at night, so I don't have to..",Health
2956,"my smart home to monitor air quality and to open vents (and windows) when poor air quality is noted, the existing air can be replaced with fresh air from outside.",Health
2957,"the lights to dim and the music to play softly, I can romance mysignificant other..",Entertainment
2958,"shields inside the energy sockets everywhere in the home to come out of the outlets, my children and animals will be protected if they touch or go near the areas (water too).",Safety
2959,"sensors to switch off the cooking gas when nothing is kept on the stove, I feel safe even if I forget to switch it off.",Safety
2960,"my smart home to set a musical and visual alarm, by the sound of my voice, for whenever I need it and stay at previous time, in case I fall asleep without setting the alarm it will be set for me and I will wake up because it will not stop until my voice shuts it off.",Entertainment
2961,"to be alerted of new postal delivery, I know when to go to the mailbox..",Other
2962,"my smart home to have electric toilet flushes to shank if I forget to shank, my toilet is clean always..",Health
2963,"my smart home to have counters that sanitize themselves after each use, in case I forget to wipe down an area where meat or other potentially harmful products have been.",Safety
2964,"the temperature to adjust by voice command, when I shower, I do not get scalded..",Safety
2965,"my smart home to have sensors to alert me when my baby is uncomfortable or crying, I can take care of my child easily..",Other
2966,"my smart home to have a way to connect the litter box to the toilet for my cats who will not toilet train, each time they go to the bathroom it will be taken into the toilet and disposed of.",Safety
2967,"my bed to warm or cool automatically, at bedtime, I am cozy..",Health
2968,"my smart home to turn off non-essential electrical consumption when there is nobody present inside my home, I can conserve energy.",Energy
2969,"I want automatic bed sheeet changer, I don't have to change them everyday..",Other
2970,"A sound recorder to turn on automatically when I am asleep, I can hear if I snore or talk in my sleep..",Health
2971,"automatic shoe polisher, my shoes are always clean..",Other
2972,"my smart home to make a pleasant noise when any of my doors open or close, that goes to my bedroom, I can be sure my son is in the home and does not go anywhere without letting me know.",Safety
2973,"automatic fan cleaner, it cleans my fans in the home without much hassle..",Other
2974,"to automatically be notified when the septic tank is near full, I do not have any septic problems..",Safety
2975,"automatic door opener with an alert, I don't need to open the door every time someone is on the door..",Other
2976,"an automatic germs and dust cleaner, my house is free of germs and dust..",Health
2977,"my smart home to have an automatic water server that serves water as an when i feel thirsty, i don't have to get up every time i feel thirsty..",Other
2978,"motion sensors tied to the thermostat, to automatically change the thermostat settings when someone enters or leaves the room..",Energy
2979,"temperature-sensing showerhead and bath spout, shuts off if the water is too hot, and automatically adjusts the mix for optimal temperature.",Safety
2980,"automatic windows, They open or close depending on outside weather to help keep the temperature optimal.",Energy
2981,"self-closing drawers, I don't risk running into them if I forget to close them.",Safety
2982,"chair sensor, It warns me if my chair has been moved so that I don't call on my butt when I try to sit down..",Safety
2983,"an automatic stove, it shuts itself off when I'm not cooking.",Safety
2984,"child-detecting smart locks, adults can open certain doors but children can't..",Safety
2985,"motion-activated pet detecting warning buzzer, so that pets are driven away from areas that they shouldn't be in..",Safety
2987,"solar Sheated floors/walls, we could stay warm in the winter.",Energy
2988,"windows that adjust to the amount of outside light, I could modulate the amount of electricity I use for lighting.",Energy
2989,"appliances to have an auto-shutdown time, I could modulate the amount of electricity I use.",Energy
2990,"my smart home to be video monitored 24*7 and have access to my smartphone, I am sure no disaster takes place..",Safety
2991,"a smoke detector if there is any kind of smoke or leaking gas detected., I am alerted before any disaster takes place.",Safety
2992,"my smart home to equipped with a home speaker, I can get from morning alarms, weather information, to do list to bedtime stories.",Entertainment
2993,"A house that can create an adaptive playlist based on the time of day, I can enjoy my music.",Entertainment
2994,"my smart home to be smart card enabled, I can open every door from a single card in case of emergency.",Other
2995,"water that is preemptively filtered, I can enjoy healthy water.",Health
2996,"fridge that can make ice cream, I don't have to buy ice cream.",Entertainment
2997,"my smart home to equipped with a smart air conditioner, before returning home i get a pleasing and soothing temperature..",Health
2998,"A fridge that can heat different compartments at different temperatures, I can use my fridge for many scenarios.",Energy
2999,"my smart home to have smart lock, I know who enters my house or leaves and it can controlled by an app.",Safety
3000,"an escalator that is wind-powered that moves between floors, I can move around all three levels quickly.",Safety
3001,"A garage that is warmed to the level of the interior of the house, I don't freeze in the winter.",Safety
3002,"heated sidewalks, I don't slip in the winter.",Safety
3003,"my smart home to be included with water monitor, I can get a report of any leakage..",Safety
3004,"my smart home to be humidity monitor enabled, my home gets ventilation activated.",Health
3005,"my smart home to be included with smart ligh bulbs, when I enter it detects and activates.",Energy
3006,"my smart home to equipped with smart bed, it can track my hours of sleep,breathing,heart rate and movement.",Health
3010,"a monitor that tunes into my classes at school, it can allow me to participate in class from home.",Other
3011,"a child sensor, I can walkie talkie my child in the house.",Safety
3012,"key detection sensor, I cal always find my keys.",Safety
3013,"a air status indicator, to constantly assess the quality of my air.",Safety
3014,"a toy collector, to sense toys on the floor and collect them.",Safety
3015,"a food date indicator, to tell me when food goes bad.",Health
3016,"a mood indicator, to tell me if my husband is in a bad mood.",Entertainment
3017,"a complimentor, to tell me nice things randoly.",Entertainment
3018,"a coupon indicator, to let me know when my favorite foods go on sale.",Energy
3019,"energy tracker, I can find out if I am using too much eergy.",Energy
3020,"automatic temperature controls, I am always comfortable without wasting energy..",Energy
3021,"surround sound connected to wifi, I can stream music in any room..",Entertainment
3022,"home safety system, I can remotely lock and unlock doors and windows..",Safety
3023,"a smart kitchen, it automatically creates a grocery list based on what I use from my fridge, freezer, and pantry..",Entertainment
3024,"air quality monitor, I can be warned of pollutants in the air..",Safety
3025,"giant projector tv, I can watch one game on a giant tv or multiple sports games at one on different parts of the screen..",Entertainment
3026,"a smart wine cellar, I can store multiple kinds of wine at the proper temperature and humidity for each..",Entertainment
3027,"automatic cabinets, my small appliances can be raised and lowered automatically as needed..",Entertainment
3028,"video doorbell, I can see who is at my door regardless of where I am.",Safety
3029,"an entertainment system, it can play with my cat using a laser beam, other toys, and turn on the tv/music to keep it entertained while I am away from home..",Entertainment
3030,"alert system for washer and dryer, I can be alerted to a load finishing no matter where I am in the house..",Other
3031,"an alarm for the main doors, I am notified when a door is left unlocked after a period of time..",Safety
3032,"faucets that detect temperature, everyone can avoid burning themselves if it's too hot or shocking if it's too cold..",Energy
3033,"motion sensors near staircases, I will know if the baby gets too close..",Safety
3034,"motion sensor light switches, in case I leave a light on by accident, they will automatically turn off..",Energy
3035,"automated faucets, I can  run a bath whenever I feel like it even if I'm doing something else at the time..",Health
3036,"automatic window screens, I can switch them out at the turn of the season without much work..",Energy
3037,"wifi wired into all of the walls, I would never have to worry about weak internet anywhere in the house..",Other
3038,"smoke and co2 detectors that don't need batteries, I would never have to worry about dead batteries or fires..",Safety
3039,"a self cooling oven, no one would ever burn themselves on its outer surfaces even when it's in use..",Safety
3040,"be able to download and stream games from services (Steam, XBox Live, etc), I can etnertain myself and guests.",Entertainment
3041,"have solar power, coal doesn't pollute the air to power my home.",Energy
3042,"a robot that automatically keeps track of gaming pieces and can set up a game and put it away, I don't ever lose pieces from board games and don't waste time setting it up and cleaning it back up.",Entertainment
3043,"breakfast to be automaticlaly cooked at a certain time and wake up to the smell of bacon, it is more pleasant to wake up.",Health
3044,"scale to upload weight to a data server, I can keep track of it.",Health
3045,"self-scrubbing toilets, a dirty task took care of itself.",Other
3046,"lights to be turned off when I leave a room, I can save anergy.",Energy
3047,"oven to shut off if the house is not occupied, fires don't happen.",Safety
3048,"harmful gases, lead levels, and more are monitored, my children are healthy at all times.",Health
3049,"automatic dishwasher, I don't have to clean dishes.",Other
3050,"the temperature to be variable when I am not home, I can save energy.",Energy
3051,"a smart power system, so that my home saves energy.",Energy
3053,"the television to recognize faces and automatically sign in to internet tv providers and email, I don't have to.",Entertainment
3054,"my drink to automatically be filled when its low (it could be measured by weight), I don't have to walk to the fridge and can embrace laziness.",Health
3055,"My house to automatically lock all windows and doors once I close the front door and step on the front steps outsidde, I can always be comfortable..",Safety
3056,"door to unlock when I am in proximity, I don't have to fumble with keys.",Other
3057,"save time cleaning so automatic cleaner, I spend moretime with kids.",Energy
3059,"voice activated mirrors with dispays, I can see my itinerary.",Entertainment
3060,"syncronized alarm clocks, my entire family can be woken at the same time..",Other
3061,"voice activated shower, i can set the shower to a precise temperature and flow.",Other
3062,"motion sensors throughout the house, rooms which are empty turn off their lights and appliances, saving energy..",Energy
3063,"water dish hooked to sink to auto refill, I never have to fill the bowl.",Energy
3064,"automatic doors, I don't have to open them.",Other
3065,"a machine mounted on the ceiling next to the air vent, to filter out the dirty air, I can breathe pure, clean air.",Health
3067,"a toilet that cleans itself, I don't have to scrub feces.",Health
3068,"i want my smart home to put heat or air conditioning on depending on the temperature in the room, it will save me time in the morning..",Safety
3069,"floors that resist germs, I don't spread germs.",Health
3070,"automatic loading washer, all the clothes get clean.",Energy
3071,"a servant or tub that cleans/bathes/grooms my pet, I can keep my pet's hygiene well.",Health
3072,"smart breakfast appliances, my toddler doesn't flood the house.",Safety
3074,"wireless microphones in each room, so control lighting, temperature, and appliances with voice commands..",Entertainment
3075,"monitor air flow and quality, my guests are comfortable at all times.",Entertainment
3076,"automatic toy sorter, don't have to pick up toys.",Energy
3077,"A party fridge that learns and remembers my guests drink preferences and makes drink menus and orders low supplies., I can make sure to serve beverages that make many people happy and prevent arguments..",Entertainment
3078,"voice activated lights, never have to get up.",Entertainment
3079,"leakage sensors, if anything around my tank starts to leak, I get notified..",Other
3080,"window sensors,, my home will be energy efficient and comfortable..",Safety
3081,"an alarm system/sensor on the stairs, it will alert me when my child nears the stairs.",Safety
3082,"smart windows that can tint, I can control whether light is allowed in.",Other
3083,"garage sensor, I can check if I shut my garage door when I leave..",Safety
3084,"automatic temperature adjuster for bath, water doesn't get too hot.",Safety
3085,"it automatically replenishes itself at lunch time of pet., My home will be secure from burgulars..",Safety
3086,"motion dectectors to monitor movement, and shut off lights and non-essential appliances if none is detected after a certain time, i can save money and conserve.",Energy
3087,"a home that measures changes in how tight my home is, I can stop leaks before they get too big..",Energy
3088,"microphone picks up voice or instruments and automatically records the sound then transcribes and composes into sheet music, I can easily get my creative ideas documented.",Entertainment
3089,"an interconnected entertainment network, house wide., I can roam the house and multitask, but any program, music, or movie I am watching comes on as I enter the room, and turns off as I leave..",Entertainment
3090,"water sensor, I'm notified if my basement starts to leak water..",Other
3091,"automatic blinds, I don't have to open/close.",Entertainment
3092,"my smart home to turn off the heat if anything is blocking the heater,, I can know where it is and solve the problem before it spreads..",Health
3093,"smart sensors for my child's room, so that if they leave their beds or rooms, an alert is sounded to prevent kidnapping..",Safety
3094,"smart techonolgy to indicate me wheather the students are studying or not by recognizing their voice, I can take some rest..",Safety
3095,"a smart alarm, I will be protected from intruders..",Safety
3096,"I'm aware if a window is open and letting cold/hot air in., I can always be comfortable..",Energy
3097,"outlet control, I can turn off power to an outlet if I leave my hair straightener plugged in after I leave..",Safety
3098,"cat food automatically dispensed at certain times, my cat will not go hungry..",Health
3099,"robotic trash machine, to empty trash.",Energy
3100,"a refridgerator that can scan items' barcode when something is low to have it delivered to my door, I can save time and money.",Health
3101,"My house to automatically lock all windows and doors once I close the front door and step on the front steps outsidde,, I can always be comfortable..",Entertainment
3102,"sensors on the bathtub, if I fall the paramedics will be called.",Safety
3103,"a thermostat that senses when I arrive home, so that the house will be automatically cooled or heated to the perfect temperature when I arrive..",Energy
3104,"sensors on doors, doors auotmatically open and close when I am near them.",Other
3105,"uv light show holder, kill germs.",Health
3106,"walls that collect sunlight to heat my house, I spend less money on heat.",Energy
3107,"smart breakfast appliances,, My home will be secure from burgulars..",Safety
3108,"full-house carbon monoxide sensors, I'd be immediately alerted to any threat of carbon monoxide..",Safety
3109,"a learning thermostat,, my smart home to turn off the heat if anything is blocking the heater,.",Safety
3110,"individual room thermostats, I can control different temperatures in different rooms depending on usage..",Energy
3112,"A smart oven, Cook things that require different temperatures all at the same time in the same space.",Health
3114,"a tv that senses when I am asleep and shuts off, I dont have to wake myself up to turn off the tv.",Entertainment
3115,"smart gates on the stairs that automatically lock, small children can't fall down the stairs..",Safety
3116,"my smart home to recognize stress words that automatically cue appropriate music from the stereo, I can calm down.",Entertainment
3117,"a program to search,  and download movies on it's own when I ask it to, so that I don't have to do it..",Entertainment
3119,"rfid sensors, when I come home, it senses my RFID chip and turns on coffee maker..",Entertainment
3120,"a machine to alarm me at the time of serials, I can watch the serial on time.",Entertainment
3121,"outdoor motion detectors, I can be alerted when there is movement outside my house..",Safety
3122,"a washer and drier that text me as soon as they're done, I can do the laundry more quickly and efficiently..",Other
3123,"be able to set up electronic use monthly and have my smart home follow regulations i put forth, my children have guidelines and limited exposure to technology daily..",Safety
3124,"outdoor motion detectors, my home is secure and safe.",Safety
3125,"a automatic egg harvester that puts the eggs in the fridge, I can collect all my eggs even if I am not home..",Health
3127,"my coffeemaker to sense when I get out of bed, so my coffee will be brewed by the time I get downstairs..",Entertainment
3128,"a robot pooper scooper, it can follow Fido in the yard and bag and toss his waste so I don't have to..",Health
3129,"a smart thermostat, The house can be comfortable without wasting energy.",Energy
3130,"window sensors, I am aware if I leave a window open after I leave the house..",Safety
3131,"a coffee mug that has a screen and displays the morning news from sources I choose, I can drink my coffee and read the news in the morning.",Entertainment
3132,"my thermostat to automatically turn down when it's bedtime, I can save energy..",Energy
3133,"leash that can go around the entire outside of the house, my dog doesnt run away but has a room to run..",Safety
3134,"I want a program installed in my home to keep track of my daily water usuage, I am more aware of how much water I do not need to waste.",Energy
3135,"an machine to indicate me the level of water in the water tank., I can refill the tank at time.",Safety
3136,"be able to scan movement in the walls regularly, i can be alerted by pests when they first intrude..",Health
3137,"a perimeter alarm that will alert me if anyone enters my yard, I'll be safe from intruders..",Safety
3138,"automatic light dimmers, light adjusts in my house depending on the amount of natural light..",Energy
3139,"a smart refrigerator, food can be ordered at the store when it runs out or expires and can notify me..",Health
3140,"motion sensitive lighting, I can save energy and not have to worry about everyone in the house forgetting to turn the lights out.",Energy
3141,"my smart home to have curtains that open with the alarm on my phone, I will wake up at a reasonable hour.",Health
3142,"automatic fragrance sprinkler, can save time.",Energy
3143,"automatic shutoff features on appliances, if I forget to turn them off, they'll be shut off automatically..",Energy
3144,"a bed that makes itselt, I always have a freshly made bed..",Other
3145,"Self-parking, stackable garage, More of our cars can be in the garage and out of the elements, without more square feet..",Other
3146,"sensors on my bedroom windows that close when someone is standing outside of them, I can have privacy and safety.",Safety
3147,"a miracle shampoo and conditioner, my daughter no longer gets her hair tangled.",Other
3148,"controlable outlets, I can shut off outlets in the house when not in use..",Energy
3149,"An alarm if anyone enters my home, I can make my home safety.",Safety
3150,"a built in greenhouse off my kitchen, I always have fresh vegetables and herbs all year round..",Health
3151,"smart locks, can be save on energy costs.",Safety
3152,"customizable scents to be pumped into the air, my children can be calmed and soothed at night, and i can freshen up my home at my command..",Entertainment
3153,"a smart shower, I can push a button and it will recognize who I am and adjust to my preferred temperature..",Health
3154,"network outlets, I wouldn't have to run them myself.",Other
3155,"Thermostat show temperature from across the room and give recommend to heat or cool the room, can be save on energy costs.",Health
3156,"oven sensor, I know if I left my oven on when I am not home..",Safety
3157,"an ice maker that makes programable ice cube shapes, I can have a variety of cool ice cubes..",Health
3158,"food and water to be refreshened daily, my pet is getting the best at all times, health and taste wise..",Health
3159,"a smart toilet, I can be notified about different health-related things such as when I'm dehydrated.",Health
3160,"my smart home to have self-cleaning modes for all kitchen appliances, I can cook at home more and be healthier.",Health
3161,"mart lights, they are scheduled to dim at night or turn off when no one is in the room..",Entertainment
3162,"backup generator, home dialysis wouldn't have to stop during an outtage.",Health
3163,"a programmable wall, I can change a scenic view at a moments notice..",Entertainment
3164,"a program where I can tag unwanted mail, I no longer receive junk in the mail.",Other
3165,"my smart windows to have sensors that automatically close when an animal gets too close, my pets will be safe..",Safety
3166,"automated sharp furniture sensors,, f my child nears such places, alarm goes off..",Health
3167,"an smartmachine to clean and refill my fish tank whenever the tank looks dirty, I always keep my fish tank clean.",Other
3168,"a remote that controls my lights, tv, other electronics, I can control everything from one place..",Entertainment
3169,"turn electronic devices on or off from anywhere I have an Internet connection., so that I can save energy., I can save energy..",Energy
3170,"my smart home to have temperature controls for different areas of one room, unused areas don't waste energy.",Energy
3171,"grey water collection system, I could have a garden and minimize water consumption.",Other
3172,"a smart bed, it adjusts tension to optimize comfort and posture..",Health
3173,"smart device to clean your windows automatically,, can be save time..",Health
3175,"my smart home to alert neighbors to emergencies in my home, they will be safe as well.",Safety
3176,"a machine to tell me what allergens are in my home, I can stay healthy.",Health
3177,"windows that keep in theheat and keep out the cold, comfort and energy conservation.",Energy
3178,"my smart home to detect high dust/dirt levels and dispense cleaning tools, my home will be cleaner and healthier.",Health
3179,"a device that changes the temperature of the house to my comfort when I walk in or 30 minutes before I walk in., I am comfortable when I walk in..",Other
3180,"an control machine to switch off the gas stove by pressing the remote from anywhere, I can save from dangerous situation.",Safety
3181,"music to be played in every room, everyone in the house can hear the music where ever they are..",Entertainment
3182,"my smart home to have a payment system near the front door that can only be accessed by an occupant, I can pay delivery drivers without opening the door and stay safe..",Safety
3183,"built in kitchen composter, it can make composting simple.",Other
3184,"a smart dryer, it can detect when clothes are shrinking, shut itself off, and alert me..",Other
3185,"a feature on outlets, my children to do not play with outlets.",Safety
3187,"voice activated media system, like echo, I could access media in every room.",Entertainment
3188,"an automatic lock whenever I leaves my home, My house will be in very safe.",Safety
3189,"a device that let's me know how much energy I am using, I can save money on utilities.",Energy
3190,"voice activated online grocery ordering - similar to dash with a voice activated component, can order groceries as I realize I'm running out of something.",Other
3191,"timer set up in my shower, the water turns off when time is up. To save water..",Energy
3192,"a device that can charge electric cars, guests can charge their car while they are at my house.",Energy
3194,"web cam system, perhaps tracking system, I can tell what my pets are up to when I'm at work.",Other
3195,"a device that can control how bright or dim the lights are, I can have the room as bright or dim as I want, depending on the mood or situation.",Energy
3196,"security system that tracks my belongings, I can keep an accurate inventory, assist the authorities if there is a theft, or remember to retrieve what I have loaned out.",Safety
3197,"floors to be heated when it's cold, my toes don't get cold.",Health
3198,"smart machine to clean my vessels in a neat way, My vessels will be very clean to cook.",Health
3200,"the lights to automatically come on when it's dark, I can see without having to work at it..",Safety
3201,"notification if the basement is flooding in the rain, I can fix that problem as soon as possible, before damage can be done.",Safety
3202,"Closet assistant, it can help me program and choose outfits that are appropriate for the function and weather, and organize logistics for laundering.",Health
3203,"an smart machine to keep track of my students activity, I can well known about my students.",Energy
3204,"a device that cleans my bathroom, remotely, I don't have to.",Health
3205,"a safe garage, My cars stay locked in place if drivers are too intoxicated, affected, or underage to drive.",Safety
3206,"wall chargers to only come on when I'm actually using them, i can save energy and money.",Energy
3207,"an smart voice recognizing with writing machine to write the subjects automatically by recognizing my voice, I can take some rest..",Energy
3209,"the door to unlock by itself for my kids when they come home, but not anyone else, They could get home without me being there more easily.",Safety
3210,"a device that cools down any of my electronic devices, they won't overheat.",Energy
3211,"a self-cleaning, smart bidet, I can stay fresh, save the environment, and never have to clean the toilet again.",Health
3212,"walls that can move my mounted TVs around, I can watch TV anywhere in the house.",Entertainment
3213,"a device that can greet me and hold conversations with me in any room in the house and in the yard, I can be entertained and have answers to questions..",Entertainment
3215,"a device that can emit nice fragrances when I have a female date over., women can feel more comfortable when they come to my house..",Entertainment
3217,"a Refrigerator that can display what the best prices in my area are for food I'm running low on, I know where to go shopping for this food that day.",Other
3219,"dynamic climate control that heats me up when I'm cold, then brings me back to a normal temp, I can always be comfortable and save moneyon heating.",Energy
3221,"something that can throw pet toys around when I'm not around, my dog can have fun without me!.",Entertainment
3222,"Dishwasher cabinet, I can clean and store my most frequently used dishes in the same space..",Health
3223,"a fireplace that starts itself automatically when appropriate, I don't have to deal with wood and opening an open flame to my living room.",Safety
3224,"weather notifications sent to my bedroom in the morning, I can wake up and start planning my day.",Entertainment
3225,"soft lullaby music to play when I enter the nursery with my child, my baby will stay asleep.",Health
3226,"a pet door that will open for my pet and lock afterwards, my pet can go potty but my home is secure..",Safety
3227,"my curtains or blinds to sense the sun and go down automatically if it's facing their side of the house, my home will stay cooler in the summer.",Energy
3228,"a sensor on the back door that can see when my dog needs to go outside, my dog can let herself out whenever she'd like to get some fresh air, but the door can stay locked otherwise..",Safety
3229,"my television to automatically turn on if there's urgent news, I will know of any weather hazards or other dangers in the area..",Safety
3230,"a dryer that can tell when clothes are dry and shut itself off, if I set the timer for longer than needed, I can save electricity..",Energy
3231,"a floor heater on a timer, my floors aren't heated all night when nobody is using them, but are nice and warm when I wake up..",Energy
3232,"the toilet seat to sense when my husband is done and to go down automatically, I don't have to lower it myself.",Entertainment
3233,"lights that I can set to preset timers, my house looks like someone is home when I am on vacation..",Safety
3234,"a meter that can log how much water I use for things and breakdown where I can save water, I am not wasting water..",Other
3235,"lights on sensors outside, people trying to break in are scared away by the sudden attention..",Safety
3236,"a timer on my TV that automatically starts when turned on, my children don't watch TV all day..",Health
3237,"my closet to put forth clothing that is appropriate for the weather, I don't have to dig out the clothes I need, saving me time..",Entertainment
3238,"cameras that turn on when someone pulls into the driveway and shows me who is coming, I can be prepared for visitors/intruders..",Safety
3239,"a way to monitor what is in my oven when I'm in other rooms of the house, I can prevent things from overcooking when I get distracted with other things..",Other
3240,"a way to track chores around the house, such as when I watered the lawn, when I last changed the dog's water bowl, etc., I keep up to date on keeping the house clean without forgetting certain chores..",Other
3241,"set universal locks on all cell phones, tablets, and video games in the home during certain periods, my children wouldn't be able to sneak away from bed or during homework to play around..",Health
3242,"something to track when I need to fix something on the house that I can't normally see, such as clogged gutters or a problem with the roof, my house stays in great shape..",Safety
3243,"a tub that can sense how much water is in it and shuts off at a certain level, my children don't accidentally over fill the tub and cause a flood..",Safety
3244,"my house to sense me driving into the drive and automatically open the garage door, I can save time by just driving in.",Entertainment
3245,"the lights to slowly turn off if it senses no occupants in the room, I can save electricity.",Energy
3247,"my smart home to sense when it is nighttime and my baby cries it will bring the lights up dimly, I can not trip as I get out of bed to check on the baby..",Safety
3248,"my smart home to sense when I have come home from a stressful day at work and automatically draw me a tub to the perfect temperature and add bath salts and light electric candles and dim the bathroom lights., I can relax and get rid of all my stress by soaking in the tub..",Health
3249,"lights that can sense when someone is in the room and turn off when they leave and turn on when someone comes in the room, but also be able to sense when someone is in bed and not turn on,, I can save money on electricity..",Energy
3250,"a TV that is calibrated to my interests and always brings up the show that I want to watch when I want to watch it, I can always be entertained and not have to channel surf and be bored..",Entertainment
3251,"a station that can automatically make biodiesel for my car, I can have really cheap gasoline to power my car..",Energy
3252,"a small robot that is integrated into the house to sense when the floor is dirty and to clean it and when necessary mop it, whenever my child spills on the floor during a meal it will come out and keep my floor clean and make it so I don't trip..",Safety
3253,"a room that is interactive with kids where the walls are TV screens to immerse kids in whatever program I want them to view so that they can pretend they are deep in the Arctic or on a jungle adventure., my kids can have lots of fun..",Entertainment
3254,"walls that are waterproof and mess proof and can not be destroyed, my children can't draw on them or damage them in any way..",Safety
3255,"a playroom that my kids can play in that has a changeable play structure that can rebuild itself to suit my children's interest and ages, my kids can have fun and I do not have to continually buy new toys..",Entertainment
3256,"a walking machine that will walk my dog, my dog can stay healthy..",Health
3257,"smart thermometer, I can remotely control the temperature at home.",Energy
3258,"to have monitoring videos, I can see what the children are doing when I am away from them..",Safety
3259,"have remote control for windows and blinds, I can adjust the lights remotely..",Safety
3260,"to receive a notification from smartphone, I know when the plant needs nutrition..",Health
3261,"to be able to control all the stoves by smartphone., I can turn on/off even I am not home..",Energy
3262,"to have a system to select song for me at different time., I can listen to the right music that help me doing things, like sleep..",Entertainment
3263,"have an automatic humid controller, I can live under the right humid..",Health
3264,"have a electric lift., I can get up/down stairs easier..",Safety
3265,"to have a entertaining system good for kids, I can spend time with them more..",Entertainment
3266,"to have a notification to my smartphone about energy use and rate., I can save energy and use it at the best time..",Energy
3267,"the house to detect when there is smoke and shut off the appropriate appliances, I don't burning anything down.",Safety
3268,"the house to lock, cameras turned on, and the police notified when there is a break in, the culprit takes nothing and is caught.",Safety
3269,"my fridge to detect when food spoils, I don't get sick from it.",Health
3270,"the television to turn on when I sit on the couch, and the channel turned to my favorite show, it makes the viewing experience better.",Entertainment
3271,"to stop electricity to certain outlets that no longer need it, like when a phone is done charging, I consume less electricity for the environment.",Energy
3272,"the house to detect if my cat or dog is trying to run out of a door left open, they don't run away.",Safety
3273,"the house to notify me when my children are home alone for more than 20 minutes, they stay safe.",Safety
3274,"cameras on the outside to detect if suspicious characters like to linger outside my home, everyone stays safe inside.",Safety
3275,"the house to notify me when the structural integrity of the house is in danger, such as leaks or rotting wood, the house remains safe and habitable.",Safety
3276,"the house to notify me if I am alone, I avoid any enjoy time alone without any potentially awkward moments.",Entertainment
